number,lang,month,date,page_url,permalink
1,ja,2004-08,2004-08-02,https://www.gamefreak.co.jp/blog/dir/2004/08/index.html,
2,ja,2004-08,2004-08-03,https://www.gamefreak.co.jp/blog/dir/2004/08/index.html,
3,ja,2004-08,2004-08-04,https://www.gamefreak.co.jp/blog/dir/2004/08/index.html,https://www.gamefreak.co.jp/blog/dir/%e3%83%bb%e7%ac%ac%ef%bc%93%e5%9b%9e%e3%83%bb/
3,en,2004-08,2004-08-04,https://www.gamefreak.co.jp/blog/dir_english/2004/08/index.html,https://www.gamefreak.co.jp/blog/dir_english/no-3
4,ja,2004-08,2004-08-05,https://www.gamefreak.co.jp/blog/dir/2004/08/index.html,https://www.gamefreak.co.jp/blog/dir/%e3%83%bb%e7%ac%ac%ef%bc%94%e5%9b%9e%e3%83%bb/
4,en,2004-08,2004-08-05,https://www.gamefreak.co.jp/blog/dir_english/2004/08/index.html,https://www.gamefreak.co.jp/blog/dir_english/no-4
5,ja,2004-08,2004-08-06,https://www.gamefreak.co.jp/blog/dir/2004/08/index.html,https://www.gamefreak.co.jp/blog/dir/%e3%83%bb%e7%ac%ac%ef%bc%95%e5%9b%9e%e3%83%bb/
5,en,2004-08,2004-08-06,https://www.gamefreak.co.jp/blog/dir_english/2004/08/index.html,https://www.gamefreak.co.jp/blog/dir_english/no-5
6,ja,2004-08,2004-08-16,https://www.gamefreak.co.jp/blog/dir/2004/08/index.html,https://www.gamefreak.co.jp/blog/dir/%e3%83%bb%e7%ac%ac%ef%bc%96%e5%9b%9e%e3%83%bb/
6,en,2004-08,2004-08-16,https://www.gamefreak.co.jp/blog/dir_english/2004/08/index.html,https://www.gamefreak.co.jp/blog/dir_english/no-6
7,ja,2004-08,2004-08-17,https://www.gamefreak.co.jp/blog/dir/2004/08/index.html,https://www.gamefreak.co.jp/blog/dir/%e3%83%bb%e7%ac%ac%ef%bc%97%e5%9b%9e%e3%83%bb/
7,en,2004-08,2004-08-17,https://www.gamefreak.co.jp/blog/dir_english/2004/08/index.html,https://www.gamefreak.co.jp/blog/dir_english/no-7
8,ja,2004-08,2004-08-18,https://www.gamefreak.co.jp/blog/dir/2004/08/index.html,https://www.gamefreak.co.jp/blog/dir/%e3%83%bb%e7%ac%ac%ef%bc%98%e5%9b%9e%e3%83%bb/
8,en,2004-08,2004-08-18,https://www.gamefreak.co.jp/blog/dir_english/2004/08/index.html,https://www.gamefreak.co.jp/blog/dir_english/no-8
9,ja,2004-08,2004-08-26,https://www.gamefreak.co.jp/blog/dir/2004/08/index.html,https://www.gamefreak.co.jp/blog/dir/%e3%83%bb%e7%ac%ac%ef%bc%99%e5%9b%9e%e3%83%bb/
9,en,2004-08,2004-08-26,https://www.gamefreak.co.jp/blog/dir_english/2004/08/index.html,https://www.gamefreak.co.jp/blog/dir_english/no-9
10,ja,2004-08,2004-08-27,https://www.gamefreak.co.jp/blog/dir/2004/08/index.html,https://www.gamefreak.co.jp/blog/dir/%e3%83%bb%e7%ac%ac%ef%bc%91%ef%bc%90%e5%9b%9e%e3%83%bb/
10,en,2004-08,2004-08-27,https://www.gamefreak.co.jp/blog/dir_english/2004/08/index.html,https://www.gamefreak.co.jp/blog/dir_english/no-10
11,ja,2004-08,2004-08-30,https://www.gamefreak.co.jp/blog/dir/2004/08/index.html,https://www.gamefreak.co.jp/blog/dir/%e3%83%bb%e7%ac%ac%ef%bc%91%ef%bc%91%e5%9b%9e%e3%83%bb/
11,en,2004-08,2004-08-30,https://www.gamefreak.co.jp/blog/dir_english/2004/08/index.html,https://www.gamefreak.co.jp/blog/dir_english/no-11
12,ja,2004-08,2004-08-31,https://www.gamefreak.co.jp/blog/dir/2004/08/index.html,https://www.gamefreak.co.jp/blog/dir/%e3%83%bb%e7%ac%ac%ef%bc%91%ef%bc%92%e5%9b%9e%e3%83%bb/
12,en,2004-08,2004-08-31,https://www.gamefreak.co.jp/blog/dir_english/2004/08/index.html,https://www.gamefreak.co.jp/blog/dir_english/no-12
13,ja,2004-09,2004-09-02,https://www.gamefreak.co.jp/blog/dir/2004/09/index.html,https://www.gamefreak.co.jp/blog/dir/%e3%83%bb%e7%ac%ac%ef%bc%91%ef%bc%93%e5%9b%9e%e3%83%bb/
13,en,2004-09,2004-09-02,https://www.gamefreak.co.jp/blog/dir_english/2004/09/index.html,https://www.gamefreak.co.jp/blog/dir_english/no-13
14,ja,2004-09,2004-09-09,https://www.gamefreak.co.jp/blog/dir/2004/09/index.html,https://www.gamefreak.co.jp/blog/dir/%e3%83%bb%e7%ac%ac%ef%bc%91%ef%bc%94%e5%9b%9e%e3%83%bb/
14,en,2004-09,2004-09-09,https://www.gamefreak.co.jp/blog/dir_english/2004/09/index.html,https://www.gamefreak.co.jp/blog/dir_english/no-14
15,ja,2004-09,2004-09-09,https://www.gamefreak.co.jp/blog/dir/2004/09/index.html,https://www.gamefreak.co.jp/blog/dir/%e3%83%bb%e7%ac%ac%ef%bc%91%ef%bc%95%e5%9b%9e%e3%83%bb/
15,en,2004-09,2004-09-09,https://www.gamefreak.co.jp/blog/dir_english/2004/09/index.html,https://www.gamefreak.co.jp/blog/dir_english/no-15
16,ja,2004-09,2004-09-10,https://www.gamefreak.co.jp/blog/dir/2004/09/index.html,https://www.gamefreak.co.jp/blog/dir/%e3%83%bb%e7%ac%ac%ef%bc%91%ef%bc%96%e5%9b%9e%e3%83%bb/
16,en,2004-09,2004-09-10,https://www.gamefreak.co.jp/blog/dir_english/2004/09/index.html,https://www.gamefreak.co.jp/blog/dir_english/no-16
17,ja,2004-09,2004-09-27,https://www.gamefreak.co.jp/blog/dir/2004/09/index.html,https://www.gamefreak.co.jp/blog/dir/%e3%83%bb%e7%ac%ac%ef%bc%91%ef%bc%97%e5%9b%9e%e3%83%bb/
17,en,2004-09,2004-09-27,https://www.gamefreak.co.jp/blog/dir_english/2004/09/index.html,https://www.gamefreak.co.jp/blog/dir_english/no-17
18,ja,2004-09,2004-09-28,https://www.gamefreak.co.jp/blog/dir/2004/09/index.html,https://www.gamefreak.co.jp/blog/dir/%e3%83%bb%e7%ac%ac%ef%bc%91%ef%bc%98%e5%9b%9e%e3%83%bb/
18,en,2004-09,2004-09-28,https://www.gamefreak.co.jp/blog/dir_english/2004/09/index.html,https://www.gamefreak.co.jp/blog/dir_english/no-18
19,ja,2004-09,2004-09-29,https://www.gamefreak.co.jp/blog/dir/2004/09/index.html,https://www.gamefreak.co.jp/blog/dir/%e3%83%bb%e7%ac%ac%ef%bc%91%ef%bc%99%e5%9b%9e%e3%83%bb/
19,en,2004-09,2004-09-29,https://www.gamefreak.co.jp/blog/dir_english/2004/09/index.html,https://www.gamefreak.co.jp/blog/dir_english/no-19
20,ja,2004-09,2004-09-30,https://www.gamefreak.co.jp/blog/dir/2004/09/index.html,https://www.gamefreak.co.jp/blog/dir/%e3%83%bb%e7%ac%ac%ef%bc%92%ef%bc%90%e5%9b%9e%e3%83%bb/
20,en,2004-09,2004-09-30,https://www.gamefreak.co.jp/blog/dir_english/2004/09/index.html,https://www.gamefreak.co.jp/blog/dir_english/no-20
21,ja,2004-10,2004-10-04,https://www.gamefreak.co.jp/blog/dir/2004/10/index.html,https://www.gamefreak.co.jp/blog/dir/%e3%83%bb%e7%ac%ac%ef%bc%92%ef%bc%91%e5%9b%9e%e3%83%bb/
21,en,2004-10,2004-10-04,https://www.gamefreak.co.jp/blog/dir_english/2004/10/index.html,https://www.gamefreak.co.jp/blog/dir_english/no-21
22,ja,2004-10,2004-10-07,https://www.gamefreak.co.jp/blog/dir/2004/10/index.html,https://www.gamefreak.co.jp/blog/dir/%e3%83%bb%e7%ac%ac%ef%bc%92%ef%bc%92%e5%9b%9e%e3%83%bb/
22,en,2004-10,2004-10-07,https://www.gamefreak.co.jp/blog/dir_english/2004/10/index.html,https://www.gamefreak.co.jp/blog/dir_english/no-22
23,ja,2004-10,2004-10-27,https://www.gamefreak.co.jp/blog/dir/2004/10/index.html,https://www.gamefreak.co.jp/blog/dir/%e3%83%bb%e7%ac%ac%ef%bc%92%ef%bc%93%e5%9b%9e%e3%83%bb/
23,en,2004-10,2004-10-27,https://www.gamefreak.co.jp/blog/dir_english/2004/10/index.html,https://www.gamefreak.co.jp/blog/dir_english/no-23
24,ja,2004-10,2004-10-28,https://www.gamefreak.co.jp/blog/dir/2004/10/index.html,https://www.gamefreak.co.jp/blog/dir/%e3%83%bb%e7%ac%ac%ef%bc%92%ef%bc%94%e5%9b%9e%e3%83%bb/
24,en,2004-10,2004-10-28,https://www.gamefreak.co.jp/blog/dir_english/2004/10/index.html,https://www.gamefreak.co.jp/blog/dir_english/no-24
25,ja,2004-12,2004-12-07,https://www.gamefreak.co.jp/blog/dir/2004/12/index.html,https://www.gamefreak.co.jp/blog/dir/%e3%83%bb%e7%ac%ac%ef%bc%92%ef%bc%95%e5%9b%9e%e3%83%bb/
25,en,2004-12,2004-12-07,https://www.gamefreak.co.jp/blog/dir_english/2004/12/index.html,https://www.gamefreak.co.jp/blog/dir_english/no-25
26,ja,2004-12,2004-12-13,https://www.gamefreak.co.jp/blog/dir/2004/12/index.html,https://www.gamefreak.co.jp/blog/dir/%e3%83%bb%e7%ac%ac%ef%bc%92%ef%bc%96%e5%9b%9e%e3%83%bb/
26,en,2004-12,2004-12-13,https://www.gamefreak.co.jp/blog/dir_english/2004/12/index.html,https://www.gamefreak.co.jp/blog/dir_english/no26
27,ja,2004-12,2004-12-16,https://www.gamefreak.co.jp/blog/dir/2004/12/index.html,https://www.gamefreak.co.jp/blog/dir/%e3%83%bb%e7%ac%ac%ef%bc%92%ef%bc%97%e5%9b%9e%e3%83%bb/
27,en,2004-12,2004-12-16,https://www.gamefreak.co.jp/blog/dir_english/2004/12/index.html,https://www.gamefreak.co.jp/blog/dir_english/no-27
28,ja,2004-12,2004-12-21,https://www.gamefreak.co.jp/blog/dir/2004/12/index.html,https://www.gamefreak.co.jp/blog/dir/%e3%83%bb%e7%ac%ac%ef%bc%92%ef%bc%98%e5%9b%9e%e3%83%bb/
28,en,2004-12,2004-12-21,https://www.gamefreak.co.jp/blog/dir_english/2004/12/index.html,https://www.gamefreak.co.jp/blog/dir_english/no-28
29,ja,2004-12,2004-12-27,https://www.gamefreak.co.jp/blog/dir/2004/12/index.html,https://www.gamefreak.co.jp/blog/dir/%e3%83%bb%e7%ac%ac%ef%bc%92%ef%bc%99%e5%9b%9e%e3%83%bb/
29,en,2004-12,2004-12-27,https://www.gamefreak.co.jp/blog/dir_english/2004/12/index.html,https://www.gamefreak.co.jp/blog/dir_english/no-29
30,ja,2005-01,2005-01-07,https://www.gamefreak.co.jp/blog/dir/2005/01/index.html,https://www.gamefreak.co.jp/blog/dir/%e3%83%bb%e7%ac%ac%ef%bc%93%ef%bc%90%e5%9b%9e%e3%83%bb/
30,en,2005-01,2005-01-07,https://www.gamefreak.co.jp/blog/dir_english/2005/01/index.html,https://www.gamefreak.co.jp/blog/dir_english/no-30
31,ja,2005-01,2005-01-24,https://www.gamefreak.co.jp/blog/dir/2005/01/index.html,https://www.gamefreak.co.jp/blog/dir/%e3%83%bb%e7%ac%ac%ef%bc%93%ef%bc%91%e5%9b%9e%e3%83%bb/
31,en,2005-01,2005-01-24,https://www.gamefreak.co.jp/blog/dir_english/2005/01/index.html,https://www.gamefreak.co.jp/blog/dir_english/no-31
32,ja,2005-02,2005-02-25,https://www.gamefreak.co.jp/blog/dir/2005/02/index.html,https://www.gamefreak.co.jp/blog/dir/%e3%83%bb%e7%ac%ac%ef%bc%93%ef%bc%92%e5%9b%9e%e3%83%bb/
32,en,2005-02,2005-02-25,https://www.gamefreak.co.jp/blog/dir_english/2005/02/index.html,https://www.gamefreak.co.jp/blog/dir_english/no-32
33,ja,2005-03,2005-03-01,https://www.gamefreak.co.jp/blog/dir/2005/03/index.html,https://www.gamefreak.co.jp/blog/dir/%e3%83%bb%e7%ac%ac%ef%bc%93%ef%bc%93%e5%9b%9e%e3%83%bb/
33,en,2005-03,2005-03-01,https://www.gamefreak.co.jp/blog/dir_english/2005/03/index.html,https://www.gamefreak.co.jp/blog/dir_english/no-33
34,ja,2005-03,2005-03-14,https://www.gamefreak.co.jp/blog/dir/2005/03/index.html,https://www.gamefreak.co.jp/blog/dir/%e3%83%bb%e7%ac%ac%ef%bc%93%ef%bc%94%e5%9b%9e%e3%83%bb/
34,en,2005-03,2005-03-14,https://www.gamefreak.co.jp/blog/dir_english/2005/03/index.html,https://www.gamefreak.co.jp/blog/dir_english/no-34
35,ja,2005-03,2005-03-18,https://www.gamefreak.co.jp/blog/dir/2005/03/index.html,https://www.gamefreak.co.jp/blog/dir/%e3%83%bb%e7%ac%ac%ef%bc%93%ef%bc%95%e5%9b%9e%e3%83%bb/
35,en,2005-03,2005-03-18,https://www.gamefreak.co.jp/blog/dir_english/2005/03/index.html,https://www.gamefreak.co.jp/blog/dir_english/no-35
36,ja,2005-04,2005-04-28,https://www.gamefreak.co.jp/blog/dir/2005/04/index.html,https://www.gamefreak.co.jp/blog/dir/%e3%83%bb%e7%ac%ac%ef%bc%93%ef%bc%96%e5%9b%9e%e3%83%bb/
36,en,2005-04,2005-04-28,https://www.gamefreak.co.jp/blog/dir_english/2005/04/index.html,https://www.gamefreak.co.jp/blog/dir_english/no-36
37,ja,2005-05,2005-05-30,https://www.gamefreak.co.jp/blog/dir/2005/05/index.html,https://www.gamefreak.co.jp/blog/dir/%e3%83%bb%e7%ac%ac%ef%bc%93%ef%bc%97%e5%9b%9e%e3%83%bb/
37,en,2005-05,2005-05-30,https://www.gamefreak.co.jp/blog/dir_english/2005/05/index.html,https://www.gamefreak.co.jp/blog/dir_english/no-37
38,ja,2005-05,2005-05-31,https://www.gamefreak.co.jp/blog/dir/2005/05/index.html,https://www.gamefreak.co.jp/blog/dir/%e3%83%bb%e7%ac%ac%ef%bc%93%ef%bc%98%e5%9b%9e%e3%83%bb/
38,en,2005-05,2005-05-31,https://www.gamefreak.co.jp/blog/dir_english/2005/05/index.html,https://www.gamefreak.co.jp/blog/dir_english/no-38
39,ja,2005-06,2005-06-02,https://www.gamefreak.co.jp/blog/dir/2005/06/index.html,https://www.gamefreak.co.jp/blog/dir/%e3%83%bb%e7%ac%ac%ef%bc%93%ef%bc%99%e5%9b%9e%e3%83%bb/
39,en,2005-06,2005-06-02,https://www.gamefreak.co.jp/blog/dir_english/2005/06/index.html,https://www.gamefreak.co.jp/blog/dir_english/no-39
40,ja,2005-06,2005-06-03,https://www.gamefreak.co.jp/blog/dir/2005/06/index.html,https://www.gamefreak.co.jp/blog/dir/%e3%83%bb%e7%ac%ac%ef%bc%94%ef%bc%90%e5%9b%9e%e3%83%bb/
40,en,2005-06,2005-06-03,https://www.gamefreak.co.jp/blog/dir_english/2005/06/index.html,https://www.gamefreak.co.jp/blog/dir_english/no-40
41,ja,2005-06,2005-06-21,https://www.gamefreak.co.jp/blog/dir/2005/06/index.html,https://www.gamefreak.co.jp/blog/dir/%e3%83%bb%e7%ac%ac%ef%bc%94%ef%bc%91%e5%9b%9e%e3%83%bb/
41,en,2005-06,2005-06-21,https://www.gamefreak.co.jp/blog/dir_english/2005/06/index.html,https://www.gamefreak.co.jp/blog/dir_english/no-41
42,ja,2005-06,2005-06-23,https://www.gamefreak.co.jp/blog/dir/2005/06/index.html,https://www.gamefreak.co.jp/blog/dir/%e3%83%bb%e7%ac%ac%ef%bc%94%ef%bc%92%e5%9b%9e%e3%83%bb/
42,en,2005-06,2005-06-23,https://www.gamefreak.co.jp/blog/dir_english/2005/06/index.html,https://www.gamefreak.co.jp/blog/dir_english/no-42
43,ja,2005-06,2005-06-24,https://www.gamefreak.co.jp/blog/dir/2005/06/index.html,https://www.gamefreak.co.jp/blog/dir/%e3%83%bb%e7%ac%ac%ef%bc%94%ef%bc%93%e5%9b%9e%e3%83%bb/
43,en,2005-06,2005-06-24,https://www.gamefreak.co.jp/blog/dir_english/2005/06/index.html,https://www.gamefreak.co.jp/blog/dir_english/no-43
44,ja,2005-06,2005-06-28,https://www.gamefreak.co.jp/blog/dir/2005/06/index.html,https://www.gamefreak.co.jp/blog/dir/%e3%83%bb%e7%ac%ac%ef%bc%94%ef%bc%94%e5%9b%9e%e3%83%bb/
44,en,2005-06,2005-06-28,https://www.gamefreak.co.jp/blog/dir_english/2005/06/index.html,https://www.gamefreak.co.jp/blog/dir_english/no-44
45,ja,2005-06,2005-06-29,https://www.gamefreak.co.jp/blog/dir/2005/06/index.html,https://www.gamefreak.co.jp/blog/dir/%e3%83%bb%e7%ac%ac%ef%bc%94%ef%bc%95%e5%9b%9e%e3%83%bb/
45,en,2005-06,2005-06-29,https://www.gamefreak.co.jp/blog/dir_english/2005/06/index.html,https://www.gamefreak.co.jp/blog/dir_english/no-45
46,ja,2005-07,2005-07-27,https://www.gamefreak.co.jp/blog/dir/2005/07/index.html,https://www.gamefreak.co.jp/blog/dir/%e3%83%bb%e7%ac%ac%ef%bc%94%ef%bc%96%e5%9b%9e%e3%83%bb/
46,en,2005-07,2005-07-27,https://www.gamefreak.co.jp/blog/dir_english/2005/07/index.html,https://www.gamefreak.co.jp/blog/dir_english/no-46
47,ja,2005-07,2005-07-28,https://www.gamefreak.co.jp/blog/dir/2005/07/index.html,https://www.gamefreak.co.jp/blog/dir/%e3%83%bb%e7%ac%ac%ef%bc%94%ef%bc%97%e5%9b%9e%e3%83%bb/
47,en,2005-07,2005-07-28,https://www.gamefreak.co.jp/blog/dir_english/2005/07/index.html,https://www.gamefreak.co.jp/blog/dir_english/no-47
48,ja,2005-08,2005-08-03,https://www.gamefreak.co.jp/blog/dir/2005/08/index.html,https://www.gamefreak.co.jp/blog/dir/%e3%83%bb%e7%ac%ac%ef%bc%94%ef%bc%98%e5%9b%9e%e3%83%bb/
48,en,2005-08,2005-08-03,https://www.gamefreak.co.jp/blog/dir_english/2005/08/index.html,https://www.gamefreak.co.jp/blog/dir_english/no-48
49,ja,2005-08,2005-08-05,https://www.gamefreak.co.jp/blog/dir/2005/08/index.html,https://www.gamefreak.co.jp/blog/dir/%e3%83%bb%e7%ac%ac%ef%bc%94%ef%bc%99%e5%9b%9e%e3%83%bb/
49,en,2005-08,2005-08-05,https://www.gamefreak.co.jp/blog/dir_english/2005/08/index.html,https://www.gamefreak.co.jp/blog/dir_english/no-49
50,ja,2005-08,2005-08-09,https://www.gamefreak.co.jp/blog/dir/2005/08/index.html,https://www.gamefreak.co.jp/blog/dir/%e3%83%bb%e7%ac%ac%ef%bc%95%ef%bc%90%e5%9b%9e%e3%83%bb/
50,en,2005-08,2005-08-09,https://www.gamefreak.co.jp/blog/dir_english/2005/08/index.html,https://www.gamefreak.co.jp/blog/dir_english/no-50
51,ja,2005-08,2005-08-30,https://www.gamefreak.co.jp/blog/dir/2005/08/index.html,https://www.gamefreak.co.jp/blog/dir/%e3%83%bb%e7%ac%ac%ef%bc%95%ef%bc%91%e5%9b%9e%e3%83%bb/
51,en,2005-08,2005-08-30,https://www.gamefreak.co.jp/blog/dir_english/2005/08/index.html,https://www.gamefreak.co.jp/blog/dir_english/no-51
52,ja,2005-09,2005-09-14,https://www.gamefreak.co.jp/blog/dir/2005/09/index.html,https://www.gamefreak.co.jp/blog/dir/%e3%83%bb%e7%ac%ac%ef%bc%95%ef%bc%92%e5%9b%9e%e3%83%bb/
52,en,2005-09,2005-09-14,https://www.gamefreak.co.jp/blog/dir_english/2005/09/index.html,https://www.gamefreak.co.jp/blog/dir_english/no-52
53,ja,2005-09,2005-09-22,https://www.gamefreak.co.jp/blog/dir/2005/09/index.html,https://www.gamefreak.co.jp/blog/dir/%e3%83%bb%e7%ac%ac%ef%bc%95%ef%bc%93%e5%9b%9e%e3%83%bb/
53,en,2005-09,2005-09-22,https://www.gamefreak.co.jp/blog/dir_english/2005/09/index.html,https://www.gamefreak.co.jp/blog/dir_english/no-53
54,ja,2005-09,2005-09-27,https://www.gamefreak.co.jp/blog/dir/2005/09/index.html,https://www.gamefreak.co.jp/blog/dir/%e3%83%bb%e7%ac%ac%ef%bc%95%ef%bc%94%e5%9b%9e%e3%83%bb/
54,en,2005-09,2005-09-27,https://www.gamefreak.co.jp/blog/dir_english/2005/09/index.html,https://www.gamefreak.co.jp/blog/dir_english/no-54
55,ja,2005-12,2005-12-28,https://www.gamefreak.co.jp/blog/dir/2005/12/index.html,https://www.gamefreak.co.jp/blog/dir/%e3%83%bb%e7%ac%ac%ef%bc%95%ef%bc%95%e5%9b%9e%e3%83%bb/
55,en,2005-12,2005-12-28,https://www.gamefreak.co.jp/blog/dir_english/2005/12/index.html,https://www.gamefreak.co.jp/blog/dir_english/no-55
56,ja,2006-02,2006-02-27,https://www.gamefreak.co.jp/blog/dir/2006/02/index.html,https://www.gamefreak.co.jp/blog/dir/%e3%83%bb%e7%ac%ac%ef%bc%95%ef%bc%96%e5%9b%9e%e3%83%bb/
56,en,2006-02,2006-02-27,https://www.gamefreak.co.jp/blog/dir_english/2006/02/index.html,https://www.gamefreak.co.jp/blog/dir_english/no-56
57,ja,2006-07,2006-07-15,https://www.gamefreak.co.jp/blog/dir/2006/07/index.html,https://www.gamefreak.co.jp/blog/dir/%e3%83%bb%e7%ac%ac%ef%bc%95%ef%bc%97%e5%9b%9e%e3%83%bb/
58,ja,2006-08,2006-08-09,https://www.gamefreak.co.jp/blog/dir/2006/08/index.html,https://www.gamefreak.co.jp/blog/dir/%e3%83%bb%e7%ac%ac%ef%bc%95%ef%bc%98%e5%9b%9e%e3%83%bb/
58,en,2006-08,2006-08-09,https://www.gamefreak.co.jp/blog/dir_english/2006/08/index.html,https://www.gamefreak.co.jp/blog/dir_english/no-58
59,ja,2006-08,2006-08-11,https://www.gamefreak.co.jp/blog/dir/2006/08/index.html,https://www.gamefreak.co.jp/blog/dir/%e3%83%bb%e7%ac%ac%ef%bc%95%ef%bc%99%e5%9b%9e%e3%83%bb/
59,en,2006-08,2006-08-11,https://www.gamefreak.co.jp/blog/dir_english/2006/08/index.html,https://www.gamefreak.co.jp/blog/dir_english/no-59
60,ja,2006-09,2006-09-28,https://www.gamefreak.co.jp/blog/dir/2006/09/index.html,https://www.gamefreak.co.jp/blog/dir/%e3%83%bb%e7%ac%ac%ef%bc%96%ef%bc%90%e5%9b%9e%e3%83%bb/
60,en,2006-09,2006-09-28,https://www.gamefreak.co.jp/blog/dir_english/2006/09/index.html,https://www.gamefreak.co.jp/blog/dir_english/no-60
61,ja,2006-11,2006-11-14,https://www.gamefreak.co.jp/blog/dir/2006/11/index.html,https://www.gamefreak.co.jp/blog/dir/%e3%83%bb%e7%ac%ac%ef%bc%96%ef%bc%91%e5%9b%9e%e3%83%bb/
61,en,2006-11,2006-11-14,https://www.gamefreak.co.jp/blog/dir_english/2006/11/index.html,https://www.gamefreak.co.jp/blog/dir_english/no-61
62,ja,2006-11,2006-11-22,https://www.gamefreak.co.jp/blog/dir/2006/11/index.html,https://www.gamefreak.co.jp/blog/dir/%e3%83%bb%e7%ac%ac%ef%bc%96%ef%bc%92%e5%9b%9e%e3%83%bb/
62,en,2006-11,2006-11-22,https://www.gamefreak.co.jp/blog/dir_english/2006/11/index.html,https://www.gamefreak.co.jp/blog/dir_english/no-62
63,ja,2006-12,2006-12-05,https://www.gamefreak.co.jp/blog/dir/2006/12/index.html,https://www.gamefreak.co.jp/blog/dir/%e3%83%bb%e7%ac%ac%ef%bc%96%ef%bc%93%e5%9b%9e%e3%83%bb/
63,en,2006-12,2006-12-05,https://www.gamefreak.co.jp/blog/dir_english/2006/12/index.html,https://www.gamefreak.co.jp/blog/dir_english/no-63
64,ja,2006-12,2006-12-13,https://www.gamefreak.co.jp/blog/dir/2006/12/index.html,https://www.gamefreak.co.jp/blog/dir/%e3%83%bb%e7%ac%ac%ef%bc%96%ef%bc%94%e5%9b%9e%e3%83%bb-2/
64,en,2006-12,2006-12-13,https://www.gamefreak.co.jp/blog/dir_english/2006/12/index.html,https://www.gamefreak.co.jp/blog/dir_english/no-64
65,ja,2007-01,2007-01-11,https://www.gamefreak.co.jp/blog/dir/2007/01/index.html,https://www.gamefreak.co.jp/blog/dir/%e3%83%bb%e7%ac%ac%ef%bc%96%ef%bc%95%e5%9b%9e%e3%83%bb/
65,en,2007-01,2007-01-11,https://www.gamefreak.co.jp/blog/dir_english/2007/01/index.html,https://www.gamefreak.co.jp/blog/dir_english/no-65
66,ja,2007-01,2007-01-12,https://www.gamefreak.co.jp/blog/dir/2007/01/index.html,https://www.gamefreak.co.jp/blog/dir/%e3%83%bb%e7%ac%ac%ef%bc%96%ef%bc%96%e5%9b%9e%e3%83%bb/
66,en,2007-01,2007-01-12,https://www.gamefreak.co.jp/blog/dir_english/2007/01/index.html,https://www.gamefreak.co.jp/blog/dir_english/no-66
67,ja,2007-01,2007-01-16,https://www.gamefreak.co.jp/blog/dir/2007/01/index.html,https://www.gamefreak.co.jp/blog/dir/%e3%83%bb%e7%ac%ac%ef%bc%96%ef%bc%97%e5%9b%9e%e3%83%bb/
67,en,2007-01,2007-01-16,https://www.gamefreak.co.jp/blog/dir_english/2007/01/index.html,https://www.gamefreak.co.jp/blog/dir_english/no-67
68,ja,2007-01,2007-01-17,https://www.gamefreak.co.jp/blog/dir/2007/01/index.html,https://www.gamefreak.co.jp/blog/dir/%e3%83%bb%e7%ac%ac%ef%bc%96%ef%bc%98%e5%9b%9e%e3%83%bb/
68,en,2007-01,2007-01-17,https://www.gamefreak.co.jp/blog/dir_english/2007/01/index.html,https://www.gamefreak.co.jp/blog/dir_english/no-68
69,ja,2007-01,2007-01-18,https://www.gamefreak.co.jp/blog/dir/2007/01/index.html,https://www.gamefreak.co.jp/blog/dir/%e3%83%bb%e7%ac%ac%ef%bc%96%ef%bc%99%e5%9b%9e%e3%83%bb/
69,en,2007-01,2007-01-18,https://www.gamefreak.co.jp/blog/dir_english/2007/01/index.html,https://www.gamefreak.co.jp/blog/dir_english/no-69
70,ja,2007-01,2007-01-22,https://www.gamefreak.co.jp/blog/dir/2007/01/index.html,https://www.gamefreak.co.jp/blog/dir/%e3%83%bb%e7%ac%ac%ef%bc%97%ef%bc%90%e5%9b%9e%e3%83%bb/
70,en,2007-01,2007-01-22,https://www.gamefreak.co.jp/blog/dir_english/2007/01/index.html,https://www.gamefreak.co.jp/blog/dir_english/no-70
71,ja,2007-01,2007-01-23,https://www.gamefreak.co.jp/blog/dir/2007/01/index.html,https://www.gamefreak.co.jp/blog/dir/%e3%83%bb%e7%ac%ac%ef%bc%97%ef%bc%91%e5%9b%9e%e3%83%bb/
71,en,2007-01,2007-01-23,https://www.gamefreak.co.jp/blog/dir_english/2007/01/index.html,https://www.gamefreak.co.jp/blog/dir_english/no-71
72,ja,2007-01,2007-01-24,https://www.gamefreak.co.jp/blog/dir/2007/01/index.html,https://www.gamefreak.co.jp/blog/dir/%e3%83%bb%e7%ac%ac%ef%bc%97%ef%bc%92%e5%9b%9e%e3%83%bb/
72,en,2007-01,2007-01-24,https://www.gamefreak.co.jp/blog/dir_english/2007/01/index.html,https://www.gamefreak.co.jp/blog/dir_english/no-72
73,ja,2007-01,2007-01-26,https://www.gamefreak.co.jp/blog/dir/2007/01/index.html,https://www.gamefreak.co.jp/blog/dir/%e3%83%bb%e7%ac%ac%ef%bc%97%ef%bc%93%e5%9b%9e%e3%83%bb/
73,en,2007-01,2007-01-26,https://www.gamefreak.co.jp/blog/dir_english/2007/01/index.html,https://www.gamefreak.co.jp/blog/dir_english/no-73
74,ja,2007-02,2007-02-01,https://www.gamefreak.co.jp/blog/dir/2007/02/index.html,https://www.gamefreak.co.jp/blog/dir/%e3%83%bb%e7%ac%ac%ef%bc%97%ef%bc%94%e5%9b%9e%e3%83%bb/
74,en,2007-02,2007-02-01,https://www.gamefreak.co.jp/blog/dir_english/2007/02/index.html,https://www.gamefreak.co.jp/blog/dir_english/no-74
75,ja,2007-02,2007-02-28,https://www.gamefreak.co.jp/blog/dir/2007/02/index.html,https://www.gamefreak.co.jp/blog/dir/%e3%83%bb%e7%ac%ac%ef%bc%97%ef%bc%95%e5%9b%9e%e3%83%bb/
75,en,2007-02,2007-02-28,https://www.gamefreak.co.jp/blog/dir_english/2007/02/index.html,https://www.gamefreak.co.jp/blog/dir_english/no-75
76,ja,2007-03,2007-03-16,https://www.gamefreak.co.jp/blog/dir/2007/03/index.html,https://www.gamefreak.co.jp/blog/dir/%e3%83%bb%e7%ac%ac%ef%bc%97%ef%bc%96%e5%9b%9e%e3%83%bb/
76,en,2007-03,2007-03-16,https://www.gamefreak.co.jp/blog/dir_english/2007/03/index.html,https://www.gamefreak.co.jp/blog/dir_english/no-76
77,ja,2007-04,2007-04-16,https://www.gamefreak.co.jp/blog/dir/2007/04/index.html,https://www.gamefreak.co.jp/blog/dir/%e3%83%bb%e7%ac%ac%ef%bc%97%ef%bc%97%e5%9b%9e%e3%83%bb/
77,en,2007-04,2007-04-16,https://www.gamefreak.co.jp/blog/dir_english/2007/04/index.html,https://www.gamefreak.co.jp/blog/dir_english/no-77
78,ja,2007-04,2007-04-17,https://www.gamefreak.co.jp/blog/dir/2007/04/index.html,https://www.gamefreak.co.jp/blog/dir/%e3%83%bb%e7%ac%ac%ef%bc%97%ef%bc%98%e5%9b%9e%e3%83%bb/
78,en,2007-04,2007-04-17,https://www.gamefreak.co.jp/blog/dir_english/2007/04/index.html,https://www.gamefreak.co.jp/blog/dir_english/no-78
79,ja,2007-04,2007-04-18,https://www.gamefreak.co.jp/blog/dir/2007/04/index.html,https://www.gamefreak.co.jp/blog/dir/%e3%83%bb%e7%ac%ac%ef%bc%97%ef%bc%99%e5%9b%9e%e3%83%bb/
79,en,2007-04,2007-04-18,https://www.gamefreak.co.jp/blog/dir_english/2007/04/index.html,https://www.gamefreak.co.jp/blog/dir_english/no-79
80,ja,2007-04,2007-04-19,https://www.gamefreak.co.jp/blog/dir/2007/04/index.html,https://www.gamefreak.co.jp/blog/dir/%e3%83%bb%e7%ac%ac%ef%bc%98%ef%bc%90%e5%9b%9e%e3%83%bb/
80,en,2007-04,2007-04-19,https://www.gamefreak.co.jp/blog/dir_english/2007/04/index.html,https://www.gamefreak.co.jp/blog/dir_english/no-80
81,ja,2007-04,2007-04-20,https://www.gamefreak.co.jp/blog/dir/2007/04/index.html,https://www.gamefreak.co.jp/blog/dir/%e3%83%bb%e7%ac%ac%ef%bc%98%ef%bc%91%e5%9b%9e%e3%83%bb/
81,en,2007-04,2007-04-20,https://www.gamefreak.co.jp/blog/dir_english/2007/04/index.html,https://www.gamefreak.co.jp/blog/dir_english/no-81
82,ja,2007-04,2007-04-22,https://www.gamefreak.co.jp/blog/dir/2007/04/index.html,https://www.gamefreak.co.jp/blog/dir/%e3%83%bb%e7%ac%ac%ef%bc%98%ef%bc%92%e5%9b%9e%e3%83%bb/
82,en,2007-04,2007-04-22,https://www.gamefreak.co.jp/blog/dir_english/2007/04/index.html,https://www.gamefreak.co.jp/blog/dir_english/no-82
83,ja,2007-04,2007-04-26,https://www.gamefreak.co.jp/blog/dir/2007/04/index.html,https://www.gamefreak.co.jp/blog/dir/%e3%83%bb%e7%ac%ac%ef%bc%98%ef%bc%93%e5%9b%9e%e3%83%bb/
83,en,2007-04,2007-04-26,https://www.gamefreak.co.jp/blog/dir_english/2007/04/index.html,https://www.gamefreak.co.jp/blog/dir_english/no-83
84,ja,2007-04,2007-04-27,https://www.gamefreak.co.jp/blog/dir/2007/04/index.html,https://www.gamefreak.co.jp/blog/dir/%e3%83%bb%e7%ac%ac%ef%bc%98%ef%bc%94%e5%9b%9e%e3%83%bb/
84,en,2007-04,2007-04-27,https://www.gamefreak.co.jp/blog/dir_english/2007/04/index.html,https://www.gamefreak.co.jp/blog/dir_english/no-84
85,ja,2007-06,2007-06-11,https://www.gamefreak.co.jp/blog/dir/2007/06/index.html,https://www.gamefreak.co.jp/blog/dir/%e3%83%bb%e7%ac%ac%ef%bc%98%ef%bc%95%e5%9b%9e%e3%83%bb/
85,en,2007-06,2007-06-11,https://www.gamefreak.co.jp/blog/dir_english/2007/06/index.html,https://www.gamefreak.co.jp/blog/dir_english/no-85
86,ja,2007-06,2007-06-12,https://www.gamefreak.co.jp/blog/dir/2007/06/index.html,https://www.gamefreak.co.jp/blog/dir/%e3%83%bb%e7%ac%ac%ef%bc%98%ef%bc%96%e5%9b%9e%e3%83%bb/
86,en,2007-06,2007-06-12,https://www.gamefreak.co.jp/blog/dir_english/2007/06/index.html,https://www.gamefreak.co.jp/blog/dir_english/no-86
87,ja,2007-06,2007-06-14,https://www.gamefreak.co.jp/blog/dir/2007/06/index.html,https://www.gamefreak.co.jp/blog/dir/%e3%83%bb%e7%ac%ac%ef%bc%98%ef%bc%97%e5%9b%9e%e3%83%bb/
87,en,2007-06,2007-06-14,https://www.gamefreak.co.jp/blog/dir_english/2007/06/index.html,https://www.gamefreak.co.jp/blog/dir_english/no-87
88,ja,2007-06,2007-06-15,https://www.gamefreak.co.jp/blog/dir/2007/06/index.html,https://www.gamefreak.co.jp/blog/dir/%e3%83%bb%e7%ac%ac%ef%bc%98%ef%bc%98%e5%9b%9e%e3%83%bb/
88,en,2007-06,2007-06-15,https://www.gamefreak.co.jp/blog/dir_english/2007/06/index.html,https://www.gamefreak.co.jp/blog/dir_english/no-88
89,ja,2007-06,2007-06-18,https://www.gamefreak.co.jp/blog/dir/2007/06/index.html,https://www.gamefreak.co.jp/blog/dir/%e3%83%bb%e7%ac%ac%ef%bc%98%ef%bc%99%e5%9b%9e%e3%83%bb/
89,en,2007-06,2007-06-18,https://www.gamefreak.co.jp/blog/dir_english/2007/06/index.html,https://www.gamefreak.co.jp/blog/dir_english/no-89
90,ja,2007-06,2007-06-19,https://www.gamefreak.co.jp/blog/dir/2007/06/index.html,https://www.gamefreak.co.jp/blog/dir/%e3%83%bb%e7%ac%ac%ef%bc%99%ef%bc%90%e5%9b%9e%e3%83%bb/
90,en,2007-06,2007-06-19,https://www.gamefreak.co.jp/blog/dir_english/2007/06/index.html,https://www.gamefreak.co.jp/blog/dir_english/no-90
91,ja,2007-07,2007-07-30,https://www.gamefreak.co.jp/blog/dir/2007/07/index.html,https://www.gamefreak.co.jp/blog/dir/%e3%83%bb%e7%ac%ac%ef%bc%99%ef%bc%91%e5%9b%9e%e3%83%bb/
92,ja,2007-08,2007-08-01,https://www.gamefreak.co.jp/blog/dir/2007/08/index.html,https://www.gamefreak.co.jp/blog/dir/%e3%83%bb%e7%ac%ac%ef%bc%99%ef%bc%92%e5%9b%9e%e3%83%bb/
92,en,2007-08,2007-07-30,https://www.gamefreak.co.jp/blog/dir_english/2007/07/index.html,https://www.gamefreak.co.jp/blog/dir_english/no-92
93,ja,2007-08,2007-08-03,https://www.gamefreak.co.jp/blog/dir/2007/08/index.html,https://www.gamefreak.co.jp/blog/dir/%e3%83%bb%e7%ac%ac%ef%bc%99%ef%bc%93%e5%9b%9e%e3%83%bb/
93,en,2007-08,2007-08-03,https://www.gamefreak.co.jp/blog/dir_english/2007/08/index.html,https://www.gamefreak.co.jp/blog/dir_english/no-93
94,ja,2007-08,2007-08-06,https://www.gamefreak.co.jp/blog/dir/2007/08/index.html,https://www.gamefreak.co.jp/blog/dir/%e3%83%bb%e7%ac%ac%ef%bc%99%ef%bc%94%e5%9b%9e%e3%83%bb/
94,en,2007-08,2007-08-06,https://www.gamefreak.co.jp/blog/dir_english/2007/08/index.html,https://www.gamefreak.co.jp/blog/dir_english/no-94
95,ja,2007-08,2007-08-09,https://www.gamefreak.co.jp/blog/dir/2007/08/index.html,https://www.gamefreak.co.jp/blog/dir/%e3%83%bb%e7%ac%ac%ef%bc%99%ef%bc%95%e5%9b%9e%e3%83%bb/
95,en,2007-08,2007-08-09,https://www.gamefreak.co.jp/blog/dir_english/2007/08/index.html,https://www.gamefreak.co.jp/blog/dir_english/no-95
96,ja,2007-08,2007-08-10,https://www.gamefreak.co.jp/blog/dir/2007/08/index.html,https://www.gamefreak.co.jp/blog/dir/%e3%83%bb%e7%ac%ac%ef%bc%99%ef%bc%96%e5%9b%9e%e3%83%bb/
96,en,2007-08,2007-08-10,https://www.gamefreak.co.jp/blog/dir_english/2007/08/index.html,https://www.gamefreak.co.jp/blog/dir_english/no-96
97,ja,2007-08,2007-08-22,https://www.gamefreak.co.jp/blog/dir/2007/08/index.html,https://www.gamefreak.co.jp/blog/dir/%e3%83%bb%e7%ac%ac%ef%bc%99%ef%bc%97%e5%9b%9e%e3%83%bb/
97,en,2007-08,2007-08-22,https://www.gamefreak.co.jp/blog/dir_english/2007/08/index.html,https://www.gamefreak.co.jp/blog/dir_english/no-97
98,ja,2007-08,2007-08-23,https://www.gamefreak.co.jp/blog/dir/2007/08/index.html,https://www.gamefreak.co.jp/blog/dir/%e3%83%bb%e7%ac%ac%ef%bc%99%ef%bc%98%e5%9b%9e%e3%83%bb/
98,en,2007-08,2007-08-23,https://www.gamefreak.co.jp/blog/dir_english/2007/08/index.html,https://www.gamefreak.co.jp/blog/dir_english/no-98
99,ja,2007-08,2007-08-24,https://www.gamefreak.co.jp/blog/dir/2007/08/index.html,https://www.gamefreak.co.jp/blog/dir/%e3%83%bb%e7%ac%ac%ef%bc%99%ef%bc%99%e5%9b%9e%e3%83%bb/
99,en,2007-08,2007-08-24,https://www.gamefreak.co.jp/blog/dir_english/2007/08/index.html,https://www.gamefreak.co.jp/blog/dir_english/no-99
100,ja,2007-08,2007-08-28,https://www.gamefreak.co.jp/blog/dir/2007/08/index.html,https://www.gamefreak.co.jp/blog/dir/%e3%83%bb%e7%ac%ac%ef%bc%91%ef%bc%90%ef%bc%90%e5%9b%9e%e3%83%bb/
100,en,2007-08,2007-08-28,https://www.gamefreak.co.jp/blog/dir_english/2007/08/index.html,https://www.gamefreak.co.jp/blog/dir_english/no-100
101,ja,2007-09,2007-09-03,https://www.gamefreak.co.jp/blog/dir/2007/09/index.html,https://www.gamefreak.co.jp/blog/dir/%e3%83%bb%e7%ac%ac%ef%bc%91%ef%bc%90%ef%bc%91%e5%9b%9e%e3%83%bb/
101,en,2007-09,2007-09-03,https://www.gamefreak.co.jp/blog/dir_english/2007/09/index.html,https://www.gamefreak.co.jp/blog/dir_english/no101
102,ja,2007-09,2007-09-04,https://www.gamefreak.co.jp/blog/dir/2007/09/index.html,https://www.gamefreak.co.jp/blog/dir/%e3%83%bb%e7%ac%ac%ef%bc%91%ef%bc%90%ef%bc%92%e5%9b%9e%e3%83%bb/
102,en,2007-09,2007-09-04,https://www.gamefreak.co.jp/blog/dir_english/2007/09/index.html,https://www.gamefreak.co.jp/blog/dir_english/no102
103,ja,2007-09,2007-09-05,https://www.gamefreak.co.jp/blog/dir/2007/09/index.html,https://www.gamefreak.co.jp/blog/dir/%e3%83%bb%e7%ac%ac%ef%bc%91%ef%bc%90%ef%bc%93%e5%9b%9e%e3%83%bb/
103,en,2007-09,2007-09-05,https://www.gamefreak.co.jp/blog/dir_english/2007/09/index.html,https://www.gamefreak.co.jp/blog/dir_english/no103
104,ja,2007-09,2007-09-21,https://www.gamefreak.co.jp/blog/dir/2007/09/index.html,https://www.gamefreak.co.jp/blog/dir/%e3%83%bb%e7%ac%ac%ef%bc%91%ef%bc%90%ef%bc%94%e5%9b%9e%e3%83%bb/
104,en,2007-09,2007-09-09,https://www.gamefreak.co.jp/blog/dir_english/2007/09/index.html,https://www.gamefreak.co.jp/blog/dir_english/no104
105,ja,2007-09,2007-09-27,https://www.gamefreak.co.jp/blog/dir/2007/09/index.html,https://www.gamefreak.co.jp/blog/dir/%e3%83%bb%e7%ac%ac%ef%bc%91%ef%bc%90%ef%bc%95%e5%9b%9e%e3%83%bb/
105,en,2007-09,2007-09-27,https://www.gamefreak.co.jp/blog/dir_english/2007/09/index.html,https://www.gamefreak.co.jp/blog/dir_english/no105
106,ja,2007-09,2007-09-28,https://www.gamefreak.co.jp/blog/dir/2007/09/index.html,https://www.gamefreak.co.jp/blog/dir/%e3%83%bb%e7%ac%ac%ef%bc%91%ef%bc%90%ef%bc%96%e5%9b%9e%e3%83%bb/
106,en,2007-09,2007-09-28,https://www.gamefreak.co.jp/blog/dir_english/2007/09/index.html,https://www.gamefreak.co.jp/blog/dir_english/no106
107,ja,2007-10,2007-10-01,https://www.gamefreak.co.jp/blog/dir/2007/10/index.html,https://www.gamefreak.co.jp/blog/dir/%e3%83%bb%e7%ac%ac%ef%bc%91%ef%bc%90%ef%bc%97%e5%9b%9e%e3%83%bb/
107,en,2007-10,2007-10-01,https://www.gamefreak.co.jp/blog/dir_english/2007/10/index.html,https://www.gamefreak.co.jp/blog/dir_english/no107
108,ja,2007-10,2007-10-03,https://www.gamefreak.co.jp/blog/dir/2007/10/index.html,https://www.gamefreak.co.jp/blog/dir/%e3%83%bb%e7%ac%ac%ef%bc%91%ef%bc%90%ef%bc%98%e5%9b%9e%e3%83%bb/
108,en,2007-10,2007-10-03,https://www.gamefreak.co.jp/blog/dir_english/2007/10/index.html,https://www.gamefreak.co.jp/blog/dir_english/no108
109,ja,2007-10,2007-10-04,https://www.gamefreak.co.jp/blog/dir/2007/10/index.html,https://www.gamefreak.co.jp/blog/dir/%e3%83%bb%e7%ac%ac%ef%bc%91%ef%bc%90%ef%bc%99%e5%9b%9e%e3%83%bb/
109,en,2007-10,2007-10-04,https://www.gamefreak.co.jp/blog/dir_english/2007/10/index.html,https://www.gamefreak.co.jp/blog/dir_english/no109
110,ja,2007-10,2007-10-11,https://www.gamefreak.co.jp/blog/dir/2007/10/index.html,https://www.gamefreak.co.jp/blog/dir/%e3%83%bb%e7%ac%ac%ef%bc%91%ef%bc%91%ef%bc%90%e5%9b%9e%e3%83%bb/
110,en,2007-10,2007-10-11,https://www.gamefreak.co.jp/blog/dir_english/2007/10/index.html,https://www.gamefreak.co.jp/blog/dir_english/no110
111,ja,2007-11,2007-11-01,https://www.gamefreak.co.jp/blog/dir/2007/11/index.html,https://www.gamefreak.co.jp/blog/dir/%e3%83%bb%e7%ac%ac%ef%bc%91%ef%bc%91%ef%bc%91%e5%9b%9e%e3%83%bb/
111,en,2007-11,2007-11-01,https://www.gamefreak.co.jp/blog/dir_english/2007/11/index.html,https://www.gamefreak.co.jp/blog/dir_english/no111
112,ja,2007-11,2007-11-06,https://www.gamefreak.co.jp/blog/dir/2007/11/index.html,
112,en,2007-11,2007-11-06,https://www.gamefreak.co.jp/blog/dir_english/2007/11/index.html,https://www.gamefreak.co.jp/blog/dir_english/no112
113,ja,2007-11,2007-11-07,https://www.gamefreak.co.jp/blog/dir/2007/11/index.html,https://www.gamefreak.co.jp/blog/dir/%e3%83%bb%e7%ac%ac%ef%bc%91%ef%bc%91%ef%bc%93%e5%9b%9e%e3%83%bb/
113,en,2007-11,2007-11-07,https://www.gamefreak.co.jp/blog/dir_english/2007/11/index.html,https://www.gamefreak.co.jp/blog/dir_english/no113
114,ja,2007-11,2007-11-09,https://www.gamefreak.co.jp/blog/dir/2007/11/index.html,https://www.gamefreak.co.jp/blog/dir/%e3%83%bb%e7%ac%ac%ef%bc%91%ef%bc%91%ef%bc%94%e5%9b%9e%e3%83%bb/
114,en,2007-11,2007-11-09,https://www.gamefreak.co.jp/blog/dir_english/2007/11/index.html,https://www.gamefreak.co.jp/blog/dir_english/no114
115,ja,2007-11,2007-11-22,https://www.gamefreak.co.jp/blog/dir/2007/11/index.html,https://www.gamefreak.co.jp/blog/dir/%e3%83%bb%e7%ac%ac%ef%bc%91%ef%bc%91%ef%bc%95%e5%9b%9e%e3%83%bb/
115,en,2007-11,2007-11-22,https://www.gamefreak.co.jp/blog/dir_english/2007/11/index.html,https://www.gamefreak.co.jp/blog/dir_english/no115
116,ja,2007-11,2007-11-27,https://www.gamefreak.co.jp/blog/dir/2007/11/index.html,https://www.gamefreak.co.jp/blog/dir/%e3%83%bb%e7%ac%ac%ef%bc%91%ef%bc%91%ef%bc%96%e5%9b%9e%e3%83%bb/
116,en,2007-11,2007-11-27,https://www.gamefreak.co.jp/blog/dir_english/2007/11/index.html,https://www.gamefreak.co.jp/blog/dir_english/no116
117,ja,2007-11,2007-11-28,https://www.gamefreak.co.jp/blog/dir/2007/11/index.html,https://www.gamefreak.co.jp/blog/dir/%e3%83%bb%e7%ac%ac%ef%bc%91%ef%bc%91%ef%bc%97%e5%9b%9e%e3%83%bb/
117,en,2007-11,2007-11-28,https://www.gamefreak.co.jp/blog/dir_english/2007/11/index.html,https://www.gamefreak.co.jp/blog/dir_english/no117
118,ja,2007-12,2007-12-13,https://www.gamefreak.co.jp/blog/dir/2007/12/index.html,
118,en,2007-12,2007-12-14,https://www.gamefreak.co.jp/blog/dir_english/2007/12/index.html,https://www.gamefreak.co.jp/blog/dir_english/no118
119,ja,2008-01,2008-01-10,https://www.gamefreak.co.jp/blog/dir/2008/01/index.html,https://www.gamefreak.co.jp/blog/dir/%e3%83%bb%e7%ac%ac%ef%bc%91%ef%bc%91%ef%bc%99%e5%9b%9e%e3%83%bb/
119,en,2008-01,2008-01-10,https://www.gamefreak.co.jp/blog/dir_english/2008/01/index.html,https://www.gamefreak.co.jp/blog/dir_english/no119
120,ja,2008-01,2008-01-11,https://www.gamefreak.co.jp/blog/dir/2008/01/index.html,https://www.gamefreak.co.jp/blog/dir/%e3%83%bb%e7%ac%ac%ef%bc%91%ef%bc%92%ef%bc%90%e5%9b%9e%e3%83%bb/
120,en,2008-01,2008-01-11,https://www.gamefreak.co.jp/blog/dir_english/2008/01/index.html,https://www.gamefreak.co.jp/blog/dir_english/no120
121,ja,2008-01,2008-01-15,https://www.gamefreak.co.jp/blog/dir/2008/01/index.html,
121,en,2008-01,2008-01-15,https://www.gamefreak.co.jp/blog/dir_english/2008/01/index.html,https://www.gamefreak.co.jp/blog/dir_english/no121
122,ja,2008-02,2008-02-18,https://www.gamefreak.co.jp/blog/dir/2008/02/index.html,https://www.gamefreak.co.jp/blog/dir/%e3%83%bb%e7%ac%ac%ef%bc%91%ef%bc%92%ef%bc%92%e5%9b%9e%e3%83%bb/
122,en,2008-02,2008-02-18,https://www.gamefreak.co.jp/blog/dir_english/2008/02/index.html,https://www.gamefreak.co.jp/blog/dir_english/no122
123,ja,2008-02,2008-02-26,https://www.gamefreak.co.jp/blog/dir/2008/02/index.html,https://www.gamefreak.co.jp/blog/dir/%e3%83%bb%e7%ac%ac%ef%bc%91%ef%bc%92%ef%bc%93%e5%9b%9e%e3%83%bb-2/
123,en,2008-02,2008-02-26,https://www.gamefreak.co.jp/blog/dir_english/2008/02/index.html,https://www.gamefreak.co.jp/blog/dir_english/no123
124,ja,2008-02,2008-02-27,https://www.gamefreak.co.jp/blog/dir/2008/02/index.html,https://www.gamefreak.co.jp/blog/dir/%e3%83%bb%e7%ac%ac%ef%bc%91%ef%bc%92%ef%bc%94%e5%9b%9e%e3%83%bb/
124,en,2008-02,2008-02-27,https://www.gamefreak.co.jp/blog/dir_english/2008/02/index.html,https://www.gamefreak.co.jp/blog/dir_english/no124
125,ja,2008-02,2008-02-28,https://www.gamefreak.co.jp/blog/dir/2008/02/index.html,https://www.gamefreak.co.jp/blog/dir/%e3%83%bb%e7%ac%ac%ef%bc%91%ef%bc%92%ef%bc%95%e5%9b%9e%e3%83%bb-2/
125,en,2008-02,2008-02-28,https://www.gamefreak.co.jp/blog/dir_english/2008/02/index.html,https://www.gamefreak.co.jp/blog/dir_english/no125
126,ja,2008-02,2008-02-29,https://www.gamefreak.co.jp/blog/dir/2008/02/index.html,https://www.gamefreak.co.jp/blog/dir/%e3%83%bb%e7%ac%ac%ef%bc%91%ef%bc%92%ef%bc%96%e5%9b%9e%e3%83%bb/
126,en,2008-02,2008-02-29,https://www.gamefreak.co.jp/blog/dir_english/2008/02/index.html,https://www.gamefreak.co.jp/blog/dir_english/no126
127,ja,2008-05,2008-05-16,https://www.gamefreak.co.jp/blog/dir/2008/05/index.html,https://www.gamefreak.co.jp/blog/dir/%e3%83%bb%e7%ac%ac%ef%bc%91%ef%bc%92%ef%bc%97%e5%9b%9e%e3%83%bb/
127,en,2008-05,2008-05-16,https://www.gamefreak.co.jp/blog/dir_english/2008/05/index.html,https://www.gamefreak.co.jp/blog/dir_english/no127
128,ja,2008-06,2008-06-02,https://www.gamefreak.co.jp/blog/dir/2008/06/index.html,https://www.gamefreak.co.jp/blog/dir/%e3%83%bb%e7%ac%ac%ef%bc%91%ef%bc%92%ef%bc%98%e5%9b%9e%e3%83%bb/
128,en,2008-06,2008-06-03,https://www.gamefreak.co.jp/blog/dir_english/2008/06/index.html,https://www.gamefreak.co.jp/blog/dir_english/no128
129,ja,2008-06,2008-06-27,https://www.gamefreak.co.jp/blog/dir/2008/06/index.html,https://www.gamefreak.co.jp/blog/dir/%e3%83%bb%e7%ac%ac%ef%bc%91%ef%bc%92%ef%bc%99%e5%9b%9e%e3%83%bb/
129,en,2008-06,2008-06-27,https://www.gamefreak.co.jp/blog/dir_english/2008/06/index.html,https://www.gamefreak.co.jp/blog/dir_english/no129
130,ja,2008-07,2008-07-16,https://www.gamefreak.co.jp/blog/dir/2008/07/index.html,https://www.gamefreak.co.jp/blog/dir/%e3%83%bb%e7%ac%ac%ef%bc%91%ef%bc%93%ef%bc%90%e5%9b%9e%e3%83%bb/
130,en,2008-07,2008-07-16,https://www.gamefreak.co.jp/blog/dir_english/2008/07/index.html,https://www.gamefreak.co.jp/blog/dir_english/no130
131,ja,2008-09,2008-09-16,https://www.gamefreak.co.jp/blog/dir/2008/09/index.html,https://www.gamefreak.co.jp/blog/dir/%e3%83%bb%e7%ac%ac%ef%bc%91%ef%bc%93%ef%bc%91%e5%9b%9e%e3%83%bb/
131,en,2008-09,2008-09-17,https://www.gamefreak.co.jp/blog/dir_english/2008/09/index.html,https://www.gamefreak.co.jp/blog/dir_english/no131
132,ja,2008-09,2008-09-18,https://www.gamefreak.co.jp/blog/dir/2008/09/index.html,https://www.gamefreak.co.jp/blog/dir/%e3%83%bb%e7%ac%ac%ef%bc%91%ef%bc%93%ef%bc%92%e5%9b%9e%e3%83%bb/
132,en,2008-09,2008-09-18,https://www.gamefreak.co.jp/blog/dir_english/2008/09/index.html,
133,ja,2008-09,2008-09-26,https://www.gamefreak.co.jp/blog/dir/2008/09/index.html,https://www.gamefreak.co.jp/blog/dir/%e3%83%bb%e7%ac%ac%ef%bc%91%ef%bc%93%ef%bc%93%e5%9b%9e%e3%83%bb/
133,en,2008-09,2008-09-29,https://www.gamefreak.co.jp/blog/dir_english/2008/09/index.html,https://www.gamefreak.co.jp/blog/dir_english/no133
134,ja,2008-12,2008-12-26,https://www.gamefreak.co.jp/blog/dir/2008/12/index.html,https://www.gamefreak.co.jp/blog/dir/%e3%83%bb%e7%ac%ac%ef%bc%91%ef%bc%93%ef%bc%94%e5%9b%9e%e3%83%bb/
134,en,2008-12,2008-12-26,https://www.gamefreak.co.jp/blog/dir_english/2008/12/index.html,https://www.gamefreak.co.jp/blog/dir_english/no134
135,ja,2009-02,2009-02-12,https://www.gamefreak.co.jp/blog/dir/2009/02/index.html,https://www.gamefreak.co.jp/blog/dir/%e3%83%bb%e7%ac%ac%ef%bc%91%ef%bc%935%e5%9b%9e%e3%83%bb/
135,en,2009-02,2009-02-12,https://www.gamefreak.co.jp/blog/dir_english/2009/02/index.html,https://www.gamefreak.co.jp/blog/dir_english/no135
136,ja,2009-02,2009-02-13,https://www.gamefreak.co.jp/blog/dir/2009/02/index.html,https://www.gamefreak.co.jp/blog/dir/%e3%83%bb%e7%ac%ac%ef%bc%91%ef%bc%936%e5%9b%9e%e3%83%bb/
136,en,2009-02,2009-02-13,https://www.gamefreak.co.jp/blog/dir_english/2009/02/index.html,https://www.gamefreak.co.jp/blog/dir_english/no136
137,ja,2009-02,2009-02-16,https://www.gamefreak.co.jp/blog/dir/2009/02/index.html,https://www.gamefreak.co.jp/blog/dir/%e3%83%bb%e7%ac%ac%ef%bc%91%ef%bc%937%e5%9b%9e%e3%83%bb/
137,en,2009-02,2009-02-16,https://www.gamefreak.co.jp/blog/dir_english/2009/02/index.html,https://www.gamefreak.co.jp/blog/dir_english/no137
138,ja,2009-02,2009-02-17,https://www.gamefreak.co.jp/blog/dir/2009/02/index.html,https://www.gamefreak.co.jp/blog/dir/%e3%83%bb%e7%ac%ac%ef%bc%91%ef%bc%93%ef%bc%98%e5%9b%9e%e3%83%bb/
138,en,2009-02,2009-02-17,https://www.gamefreak.co.jp/blog/dir_english/2009/02/index.html,https://www.gamefreak.co.jp/blog/dir_english/no138
139,ja,2009-02,2009-02-18,https://www.gamefreak.co.jp/blog/dir/2009/02/index.html,https://www.gamefreak.co.jp/blog/dir/%e3%83%bb%e7%ac%ac%ef%bc%91%ef%bc%93%ef%bc%99%e5%9b%9e%e3%83%bb/
139,en,2009-02,2009-02-18,https://www.gamefreak.co.jp/blog/dir_english/2009/02/index.html,https://www.gamefreak.co.jp/blog/dir_english/no139
140,ja,2009-02,2009-02-19,https://www.gamefreak.co.jp/blog/dir/2009/02/index.html,https://www.gamefreak.co.jp/blog/dir/%e3%83%bb%e7%ac%ac%ef%bc%91%ef%bc%94%ef%bc%90%e5%9b%9e%e3%83%bb/
140,en,2009-02,2009-02-19,https://www.gamefreak.co.jp/blog/dir_english/2009/02/index.html,https://www.gamefreak.co.jp/blog/dir_english/no140
141,ja,2009-03,2009-03-12,https://www.gamefreak.co.jp/blog/dir/2009/03/index.html,https://www.gamefreak.co.jp/blog/dir/%e3%83%bb%e7%ac%ac%ef%bc%91%ef%bc%94%ef%bc%91%e5%9b%9e%e3%83%bb/
141,en,2009-03,2009-03-12,https://www.gamefreak.co.jp/blog/dir_english/2009/03/index.html,https://www.gamefreak.co.jp/blog/dir_english/no141
142,ja,2009-03,2009-03-13,https://www.gamefreak.co.jp/blog/dir/2009/03/index.html,https://www.gamefreak.co.jp/blog/dir/%e3%83%bb%e7%ac%ac%ef%bc%91%ef%bc%94%ef%bc%92%e5%9b%9e%e3%83%bb/
142,en,2009-03,2009-03-13,https://www.gamefreak.co.jp/blog/dir_english/2009/03/index.html,https://www.gamefreak.co.jp/blog/dir_english/no142
143,ja,2009-03,2009-03-17,https://www.gamefreak.co.jp/blog/dir/2009/03/index.html,https://www.gamefreak.co.jp/blog/dir/%e3%83%bb%e7%ac%ac%ef%bc%91%ef%bc%94%ef%bc%93%e5%9b%9e%e3%83%bb/
143,en,2009-03,2009-03-17,https://www.gamefreak.co.jp/blog/dir_english/2009/03/index.html,https://www.gamefreak.co.jp/blog/dir_english/no143
144,ja,2009-03,2009-03-26,https://www.gamefreak.co.jp/blog/dir/2009/03/index.html,https://www.gamefreak.co.jp/blog/dir/%e3%83%bb%e7%ac%ac%ef%bc%91%ef%bc%94%ef%bc%94%e5%9b%9e%e3%83%bb/
144,en,2009-03,2009-03-26,https://www.gamefreak.co.jp/blog/dir_english/2009/03/index.html,https://www.gamefreak.co.jp/blog/dir_english/no144
145,ja,2009-03,2009-03-27,https://www.gamefreak.co.jp/blog/dir/2009/03/index.html,https://www.gamefreak.co.jp/blog/dir/%e3%83%bb%e7%ac%ac%ef%bc%91%ef%bc%94%ef%bc%95%e5%9b%9e%e3%83%bb/
145,en,2009-03,2009-03-27,https://www.gamefreak.co.jp/blog/dir_english/2009/03/index.html,https://www.gamefreak.co.jp/blog/dir_english/no145
146,ja,2009-04,2009-04-16,https://www.gamefreak.co.jp/blog/dir/2009/04/index.html,https://www.gamefreak.co.jp/blog/dir/%e3%83%bb%e7%ac%ac%ef%bc%91%ef%bc%94%ef%bc%96%e5%9b%9e%e3%83%bb/
146,en,2009-04,2009-04-16,https://www.gamefreak.co.jp/blog/dir_english/2009/04/index.html,https://www.gamefreak.co.jp/blog/dir_english/no146
147,ja,2009-04,2009-04-17,https://www.gamefreak.co.jp/blog/dir/2009/04/index.html,https://www.gamefreak.co.jp/blog/dir/%e3%83%bb%e7%ac%ac%ef%bc%91%ef%bc%94%ef%bc%97%e5%9b%9e%e3%83%bb/
147,en,2009-04,2009-04-17,https://www.gamefreak.co.jp/blog/dir_english/2009/04/index.html,https://www.gamefreak.co.jp/blog/dir_english/no147
148,ja,2009-04,2009-04-28,https://www.gamefreak.co.jp/blog/dir/2009/04/index.html,https://www.gamefreak.co.jp/blog/dir/%e3%83%bb%e7%ac%ac%ef%bc%91%ef%bc%94%ef%bc%98%e5%9b%9e%e3%83%bb/
148,en,2009-04,2009-04-28,https://www.gamefreak.co.jp/blog/dir_english/2009/04/index.html,https://www.gamefreak.co.jp/blog/dir_english/no148
149,ja,2009-05,2009-05-27,https://www.gamefreak.co.jp/blog/dir/2009/05/index.html,https://www.gamefreak.co.jp/blog/dir/%e3%83%bb%e7%ac%ac%ef%bc%91%ef%bc%94%ef%bc%99%e5%9b%9e%e3%83%bb/
149,en,2009-05,2009-05-27,https://www.gamefreak.co.jp/blog/dir_english/2009/05/index.html,https://www.gamefreak.co.jp/blog/dir_english/no149
150,ja,2009-06,2009-06-18,https://www.gamefreak.co.jp/blog/dir/2009/06/index.html,https://www.gamefreak.co.jp/blog/dir/%e3%83%bb%e7%ac%ac%ef%bc%91%ef%bc%95%ef%bc%90%e5%9b%9e%e3%83%bb/
150,en,2009-06,2009-06-18,https://www.gamefreak.co.jp/blog/dir_english/2009/06/index.html,https://www.gamefreak.co.jp/blog/dir_english/no150
151,ja,2009-08,2009-08-24,https://www.gamefreak.co.jp/blog/dir/2009/08/index.html,https://www.gamefreak.co.jp/blog/dir/%e3%83%bb%e7%ac%ac%ef%bc%91%ef%bc%95%ef%bc%91%e5%9b%9e%e3%83%bb/
151,en,2009-08,2009-08-24,https://www.gamefreak.co.jp/blog/dir_english/2009/08/index.html,https://www.gamefreak.co.jp/blog/dir_english/no151
152,ja,2009-11,2009-11-16,https://www.gamefreak.co.jp/blog/dir/2009/11/index.html,https://www.gamefreak.co.jp/blog/dir/%e3%83%bb%e7%ac%ac%ef%bc%91%ef%bc%95%ef%bc%92%e5%9b%9e%e3%83%bb/
152,en,2009-11,2009-11-16,https://www.gamefreak.co.jp/blog/dir_english/2009/11/index.html,https://www.gamefreak.co.jp/blog/dir_english/no152
153,ja,2009-11,2009-11-26,https://www.gamefreak.co.jp/blog/dir/2009/11/index.html,https://www.gamefreak.co.jp/blog/dir/%e3%83%bb%e7%ac%ac%ef%bc%91%ef%bc%95%ef%bc%93%e5%9b%9e%e3%83%bb/
153,en,2009-11,2009-11-26,https://www.gamefreak.co.jp/blog/dir_english/2009/11/index.html,https://www.gamefreak.co.jp/blog/dir_english/no153
154,ja,2009-11,2009-11-27,https://www.gamefreak.co.jp/blog/dir/2009/11/index.html,https://www.gamefreak.co.jp/blog/dir/%e3%83%bb%e7%ac%ac%ef%bc%91%ef%bc%95%ef%bc%94%e5%9b%9e%e3%83%bb/
154,en,2009-11,2009-11-27,https://www.gamefreak.co.jp/blog/dir_english/2009/11/index.html,https://www.gamefreak.co.jp/blog/dir_english/no154
155,ja,2010-01,2010-01-06,https://www.gamefreak.co.jp/blog/dir/2010/01/index.html,https://www.gamefreak.co.jp/blog/dir/%e3%83%bb%e7%ac%ac%ef%bc%91%ef%bc%95%ef%bc%95%e5%9b%9e%e3%83%bb/
155,en,2010-01,2010-01-06,https://www.gamefreak.co.jp/blog/dir_english/2010/01/index.html,https://www.gamefreak.co.jp/blog/dir_english/no155
156,ja,2010-01,2010-01-07,https://www.gamefreak.co.jp/blog/dir/2010/01/index.html,https://www.gamefreak.co.jp/blog/dir/%e3%83%bb%e7%ac%ac%ef%bc%91%ef%bc%95%ef%bc%96%e5%9b%9e%e3%83%bb/
157,ja,2010-01,2010-01-12,https://www.gamefreak.co.jp/blog/dir/2010/01/index.html,https://www.gamefreak.co.jp/blog/dir/%e3%83%bb%e7%ac%ac%ef%bc%91%ef%bc%95%ef%bc%97%e5%9b%9e%e3%83%bb/
157,en,2010-01,2010-01-12,https://www.gamefreak.co.jp/blog/dir_english/2010/01/index.html,https://www.gamefreak.co.jp/blog/dir_english/no157
158,ja,2010-01,2010-01-13,https://www.gamefreak.co.jp/blog/dir/2010/01/index.html,https://www.gamefreak.co.jp/blog/dir/%e3%83%bb%e7%ac%ac%ef%bc%91%ef%bc%95%ef%bc%98%e5%9b%9e%e3%83%bb/
158,en,2010-01,2010-01-13,https://www.gamefreak.co.jp/blog/dir_english/2010/01/index.html,https://www.gamefreak.co.jp/blog/dir_english/no158
159,ja,2010-01,2010-01-29,https://www.gamefreak.co.jp/blog/dir/2010/01/index.html,https://www.gamefreak.co.jp/blog/dir/%e3%83%bb%e7%ac%ac%ef%bc%91%ef%bc%95%ef%bc%99%e5%9b%9e%e3%83%bb/
159,en,2010-01,2010-01-29,https://www.gamefreak.co.jp/blog/dir_english/2010/01/index.html,https://www.gamefreak.co.jp/blog/dir_english/no159
160,ja,2010-04,2010-04-09,https://www.gamefreak.co.jp/blog/dir/2010/04/index.html,https://www.gamefreak.co.jp/blog/dir/%e3%83%bb%e7%ac%ac%ef%bc%91%ef%bc%96%ef%bc%90%e5%9b%9e%e3%83%bb/
160,en,2010-04,2010-04-09,https://www.gamefreak.co.jp/blog/dir_english/2010/04/index.html,https://www.gamefreak.co.jp/blog/dir_english/no160
161,ja,2010-05,2010-05-29,https://www.gamefreak.co.jp/blog/dir/2010/05/index.html,https://www.gamefreak.co.jp/blog/dir/%e3%83%bb%e7%ac%ac%ef%bc%91%ef%bc%96%ef%bc%91%e5%9b%9e%e3%83%bb/
161,en,2010-05,2010-05-29,https://www.gamefreak.co.jp/blog/dir_english/2010/05/index.html,https://www.gamefreak.co.jp/blog/dir_english/no161
162,ja,2010-06,2010-06-19,https://www.gamefreak.co.jp/blog/dir/2010/06/index.html,https://www.gamefreak.co.jp/blog/dir/%e3%83%bb%e7%ac%ac%ef%bc%91%ef%bc%96%ef%bc%92%e5%9b%9e%e3%83%bb/
162,en,2010-06,2010-06-19,https://www.gamefreak.co.jp/blog/dir_english/2010/06/index.html,https://www.gamefreak.co.jp/blog/dir_english/no162
163,ja,2010-06,2010-06-28,https://www.gamefreak.co.jp/blog/dir/2010/06/index.html,https://www.gamefreak.co.jp/blog/dir/%e3%83%bb%e7%ac%ac%ef%bc%91%ef%bc%96%ef%bc%93%e5%9b%9e%e3%83%bb/
163,en,2010-06,2010-06-28,https://www.gamefreak.co.jp/blog/dir_english/2010/06/index.html,https://www.gamefreak.co.jp/blog/dir_english/no163
164,ja,2010-07,2010-07-12,https://www.gamefreak.co.jp/blog/dir/2010/07/index.html,https://www.gamefreak.co.jp/blog/dir/%e3%83%bb%e7%ac%ac%ef%bc%91%ef%bc%96%ef%bc%94%e5%9b%9e%e3%83%bb/
164,en,2010-07,2010-07-12,https://www.gamefreak.co.jp/blog/dir_english/2010/07/index.html,https://www.gamefreak.co.jp/blog/dir_english/no164
165,ja,2010-07,2010-07-26,https://www.gamefreak.co.jp/blog/dir/2010/07/index.html,https://www.gamefreak.co.jp/blog/dir/%e3%83%bb%e7%ac%ac%ef%bc%91%ef%bc%96%ef%bc%95%e5%9b%9e%e3%83%bb/
165,en,2010-07,2010-07-26,https://www.gamefreak.co.jp/blog/dir_english/2010/07/index.html,https://www.gamefreak.co.jp/blog/dir_english/no165
166,ja,2010-07,2010-07-28,https://www.gamefreak.co.jp/blog/dir/2010/07/index.html,https://www.gamefreak.co.jp/blog/dir/%e3%83%bb%e7%ac%ac%ef%bc%91%ef%bc%96%ef%bc%96%e5%9b%9e%e3%83%bb/
166,en,2010-07,2010-07-28,https://www.gamefreak.co.jp/blog/dir_english/2010/07/index.html,https://www.gamefreak.co.jp/blog/dir_english/no166
167,ja,2010-07,2010-07-29,https://www.gamefreak.co.jp/blog/dir/2010/07/index.html,https://www.gamefreak.co.jp/blog/dir/%e3%83%bb%e7%ac%ac%ef%bc%91%ef%bc%96%ef%bc%97%e5%9b%9e%e3%83%bb/
167,en,2010-07,2010-07-29,https://www.gamefreak.co.jp/blog/dir_english/2010/07/index.html,https://www.gamefreak.co.jp/blog/dir_english/no167
168,ja,2010-07,2010-07-30,https://www.gamefreak.co.jp/blog/dir/2010/07/index.html,https://www.gamefreak.co.jp/blog/dir/%e3%83%bb%e7%ac%ac%ef%bc%91%ef%bc%96%ef%bc%98%e5%9b%9e%e3%83%bb/
168,en,2010-07,2010-07-30,https://www.gamefreak.co.jp/blog/dir_english/2010/07/index.html,https://www.gamefreak.co.jp/blog/dir_english/no168
169,ja,2010-08,2010-08-02,https://www.gamefreak.co.jp/blog/dir/2010/08/index.html,https://www.gamefreak.co.jp/blog/dir/%e3%83%bb%e7%ac%ac%ef%bc%91%ef%bc%96%ef%bc%99%e5%9b%9e%e3%83%bb/
169,en,2010-08,2010-08-02,https://www.gamefreak.co.jp/blog/dir_english/2010/08/index.html,https://www.gamefreak.co.jp/blog/dir_english/no169
170,ja,2010-08,2010-08-03,https://www.gamefreak.co.jp/blog/dir/2010/08/index.html,https://www.gamefreak.co.jp/blog/dir/%e3%83%bb%e7%ac%ac%ef%bc%91%ef%bc%97%ef%bc%90%e5%9b%9e%e3%83%bb/
170,en,2010-08,2010-08-03,https://www.gamefreak.co.jp/blog/dir_english/2010/08/index.html,https://www.gamefreak.co.jp/blog/dir_english/no170
171,ja,2010-08,2010-08-04,https://www.gamefreak.co.jp/blog/dir/2010/08/index.html,https://www.gamefreak.co.jp/blog/dir/%e3%83%bb%e7%ac%ac%ef%bc%91%ef%bc%97%ef%bc%91%e5%9b%9e%e3%83%bb/
171,en,2010-08,2010-08-04,https://www.gamefreak.co.jp/blog/dir_english/2010/08/index.html,https://www.gamefreak.co.jp/blog/dir_english/no171
172,ja,2010-08,2010-08-05,https://www.gamefreak.co.jp/blog/dir/2010/08/index.html,https://www.gamefreak.co.jp/blog/dir/%e3%83%bb%e7%ac%ac%ef%bc%91%ef%bc%97%ef%bc%92%e5%9b%9e%e3%83%bb/
172,en,2010-08,2010-08-05,https://www.gamefreak.co.jp/blog/dir_english/2010/08/index.html,https://www.gamefreak.co.jp/blog/dir_english/no172
173,ja,2010-08,2010-08-06,https://www.gamefreak.co.jp/blog/dir/2010/08/index.html,https://www.gamefreak.co.jp/blog/dir/%e3%83%bb%e7%ac%ac%ef%bc%91%ef%bc%97%ef%bc%93%e5%9b%9e%e3%83%bb/
173,en,2010-08,2010-08-06,https://www.gamefreak.co.jp/blog/dir_english/2010/08/index.html,https://www.gamefreak.co.jp/blog/dir_english/no173
174,ja,2010-09,2010-09-01,https://www.gamefreak.co.jp/blog/dir/2010/09/index.html,https://www.gamefreak.co.jp/blog/dir/%e3%83%bb%e7%ac%ac%ef%bc%91%ef%bc%97%ef%bc%94%e5%9b%9e%e3%83%bb/
174,en,2010-09,2010-09-01,https://www.gamefreak.co.jp/blog/dir_english/2010/09/index.html,https://www.gamefreak.co.jp/blog/dir_english/no174
175,ja,2010-09,2010-09-10,https://www.gamefreak.co.jp/blog/dir/2010/09/index.html,https://www.gamefreak.co.jp/blog/dir/%e3%83%bb%e7%ac%ac%ef%bc%91%ef%bc%97%ef%bc%95%e5%9b%9e%e3%83%bb/
175,en,2010-09,2010-09-10,https://www.gamefreak.co.jp/blog/dir_english/2010/09/index.html,https://www.gamefreak.co.jp/blog/dir_english/no175
176,ja,2010-09,2010-09-16,https://www.gamefreak.co.jp/blog/dir/2010/09/index.html,https://www.gamefreak.co.jp/blog/dir/%e3%83%bb%e7%ac%ac%ef%bc%91%ef%bc%97%ef%bc%96%e5%9b%9e%e3%83%bb/
176,en,2010-09,2010-09-16,https://www.gamefreak.co.jp/blog/dir_english/2010/09/index.html,https://www.gamefreak.co.jp/blog/dir_english/no176
177,ja,2010-09,2010-09-17,https://www.gamefreak.co.jp/blog/dir/2010/09/index.html,https://www.gamefreak.co.jp/blog/dir/%e3%83%bb%e7%ac%ac%ef%bc%91%ef%bc%97%ef%bc%97%e5%9b%9e%e3%83%bb/
177,en,2010-09,2010-09-17,https://www.gamefreak.co.jp/blog/dir_english/2010/09/index.html,https://www.gamefreak.co.jp/blog/dir_english/no177
178,ja,2010-09,2010-09-22,https://www.gamefreak.co.jp/blog/dir/2010/09/index.html,https://www.gamefreak.co.jp/blog/dir/%e3%83%bb%e7%ac%ac%ef%bc%91%ef%bc%97%ef%bc%98%e5%9b%9e%e3%83%bb/
178,en,2010-09,2010-09-22,https://www.gamefreak.co.jp/blog/dir_english/2010/09/index.html,https://www.gamefreak.co.jp/blog/dir_english/no178
179,ja,2010-12,2010-12-27,https://www.gamefreak.co.jp/blog/dir/2010/12/index.html,https://www.gamefreak.co.jp/blog/dir/%e3%83%bb%e7%ac%ac%ef%bc%91%ef%bc%97%ef%bc%99%e5%9b%9e%e3%83%bb/
179,en,2010-12,2010-12-27,https://www.gamefreak.co.jp/blog/dir_english/2010/12/index.html,https://www.gamefreak.co.jp/blog/dir_english/no179
180,ja,2010-12,2010-12-28,https://www.gamefreak.co.jp/blog/dir/2010/12/index.html,https://www.gamefreak.co.jp/blog/dir/%e3%83%bb%e7%ac%ac%ef%bc%91%ef%bc%98%ef%bc%90%e5%9b%9e%e3%83%bb/
180,en,2010-12,2010-12-28,https://www.gamefreak.co.jp/blog/dir_english/2010/12/index.html,https://www.gamefreak.co.jp/blog/dir_english/no180
181,ja,2011-01,2011-01-05,https://www.gamefreak.co.jp/blog/dir/2011/01/index.html,https://www.gamefreak.co.jp/blog/dir/%e3%83%bb%e7%ac%ac%ef%bc%91%ef%bc%98%ef%bc%91%e5%9b%9e%e3%83%bb/
181,en,2011-01,2011-01-05,https://www.gamefreak.co.jp/blog/dir_english/2011/01/index.html,https://www.gamefreak.co.jp/blog/dir_english/no181
182,ja,2011-01,2011-01-07,https://www.gamefreak.co.jp/blog/dir/2011/01/index.html,https://www.gamefreak.co.jp/blog/dir/%e3%83%bb%e7%ac%ac%ef%bc%91%ef%bc%98%ef%bc%92%e5%9b%9e%e3%83%bb/
182,en,2011-01,2011-01-07,https://www.gamefreak.co.jp/blog/dir_english/2011/01/index.html,https://www.gamefreak.co.jp/blog/dir_english/no182
183,ja,2011-01,2011-01-12,https://www.gamefreak.co.jp/blog/dir/2011/01/index.html,https://www.gamefreak.co.jp/blog/dir/%e3%83%bb%e7%ac%ac%ef%bc%91%ef%bc%98%ef%bc%93%e5%9b%9e%e3%83%bb/
183,en,2011-01,2011-01-12,https://www.gamefreak.co.jp/blog/dir_english/2011/01/index.html,https://www.gamefreak.co.jp/blog/dir_english/no183
184,ja,2011-02,2011-02-10,https://www.gamefreak.co.jp/blog/dir/2011/02/index.html,https://www.gamefreak.co.jp/blog/dir/%e3%83%bb%e7%ac%ac%ef%bc%91%ef%bc%98%ef%bc%94%e5%9b%9e%e3%83%bb/
184,en,2011-02,2011-02-10,https://www.gamefreak.co.jp/blog/dir_english/2011/02/index.html,https://www.gamefreak.co.jp/blog/dir_english/no184
185,ja,2011-02,2011-02-14,https://www.gamefreak.co.jp/blog/dir/2011/02/index.html,https://www.gamefreak.co.jp/blog/dir/%e3%83%bb%e7%ac%ac%ef%bc%91%ef%bc%98%ef%bc%95%e5%9b%9e%e3%83%bb/
185,en,2011-02,2011-02-14,https://www.gamefreak.co.jp/blog/dir_english/2011/02/index.html,https://www.gamefreak.co.jp/blog/dir_english/no185
186,ja,2011-02,2011-02-17,https://www.gamefreak.co.jp/blog/dir/2011/02/index.html,https://www.gamefreak.co.jp/blog/dir/%e3%83%bb%e7%ac%ac%ef%bc%91%ef%bc%98%ef%bc%96%e5%9b%9e%e3%83%bb/
186,en,2011-02,2011-02-17,https://www.gamefreak.co.jp/blog/dir_english/2011/02/index.html,https://www.gamefreak.co.jp/blog/dir_english/no186
187,ja,2011-02,2011-02-24,https://www.gamefreak.co.jp/blog/dir/2011/02/index.html,https://www.gamefreak.co.jp/blog/dir/%e3%83%bb%e7%ac%ac%ef%bc%91%ef%bc%98%ef%bc%97%e5%9b%9e%e3%83%bb/
187,en,2011-02,2011-02-24,https://www.gamefreak.co.jp/blog/dir_english/2011/02/index.html,https://www.gamefreak.co.jp/blog/dir_english/no187
188,ja,2011-02,2011-02-25,https://www.gamefreak.co.jp/blog/dir/2011/02/index.html,https://www.gamefreak.co.jp/blog/dir/%e3%83%bb%e7%ac%ac%ef%bc%91%ef%bc%98%ef%bc%98%e5%9b%9e%e3%83%bb/
188,en,2011-02,2011-02-25,https://www.gamefreak.co.jp/blog/dir_english/2011/02/index.html,https://www.gamefreak.co.jp/blog/dir_english/no188
189,ja,2011-03,2011-03-08,https://www.gamefreak.co.jp/blog/dir/2011/03/index.html,https://www.gamefreak.co.jp/blog/dir/%e3%83%bb%e7%ac%ac%ef%bc%91%ef%bc%98%ef%bc%99%e5%9b%9e%e3%83%bb/
189,en,2011-03,2011-03-08,https://www.gamefreak.co.jp/blog/dir_english/2011/03/index.html,https://www.gamefreak.co.jp/blog/dir_english/no189
190,ja,2011-03,2011-03-09,https://www.gamefreak.co.jp/blog/dir/2011/03/index.html,https://www.gamefreak.co.jp/blog/dir/%e3%83%bb%e7%ac%ac%ef%bc%91%ef%bc%99%ef%bc%90%e5%9b%9e%e3%83%bb/
190,en,2011-03,2011-03-09,https://www.gamefreak.co.jp/blog/dir_english/2011/03/index.html,https://www.gamefreak.co.jp/blog/dir_english/no190
191,ja,2011-04,2011-04-25,https://www.gamefreak.co.jp/blog/dir/2011/04/index.html,https://www.gamefreak.co.jp/blog/dir/%e3%83%bb%e7%ac%ac%ef%bc%91%ef%bc%99%ef%bc%91%e5%9b%9e%e3%83%bb/
191,en,2011-04,2011-04-25,https://www.gamefreak.co.jp/blog/dir_english/2011/04/index.html,https://www.gamefreak.co.jp/blog/dir_english/no191
192,ja,2011-04,2011-04-27,https://www.gamefreak.co.jp/blog/dir/2011/04/index.html,https://www.gamefreak.co.jp/blog/dir/%e3%83%bb%e7%ac%ac%ef%bc%91%ef%bc%99%ef%bc%92%e5%9b%9e%e3%83%bb/
192,en,2011-04,2011-04-27,https://www.gamefreak.co.jp/blog/dir_english/2011/04/index.html,https://www.gamefreak.co.jp/blog/dir_english/no192
193,ja,2011-05,2011-05-29,https://www.gamefreak.co.jp/blog/dir/2011/05/index.html,https://www.gamefreak.co.jp/blog/dir/%e3%83%bb%e7%ac%ac%ef%bc%91%ef%bc%99%ef%bc%93%e5%9b%9e%e3%83%bb/
193,en,2011-05,2011-05-30,https://www.gamefreak.co.jp/blog/dir_english/2011/05/index.html,https://www.gamefreak.co.jp/blog/dir_english/no193
194,ja,2011-05,2011-05-31,https://www.gamefreak.co.jp/blog/dir/2011/05/index.html,https://www.gamefreak.co.jp/blog/dir/%e3%83%bb%e7%ac%ac%ef%bc%91%ef%bc%99%ef%bc%94%e5%9b%9e%e3%83%bb/
194,en,2011-05,2011-05-31,https://www.gamefreak.co.jp/blog/dir_english/2011/05/index.html,https://www.gamefreak.co.jp/blog/dir_english/no194
195,ja,2011-06,2011-06-01,https://www.gamefreak.co.jp/blog/dir/2011/06/index.html,https://www.gamefreak.co.jp/blog/dir/%e3%83%bb%e7%ac%ac%ef%bc%91%ef%bc%99%ef%bc%95%e5%9b%9e%e3%83%bb/
195,en,2011-06,2011-06-01,https://www.gamefreak.co.jp/blog/dir_english/2011/06/index.html,https://www.gamefreak.co.jp/blog/dir_english/no195
196,ja,2011-06,2011-06-06,https://www.gamefreak.co.jp/blog/dir/2011/06/index.html,https://www.gamefreak.co.jp/blog/dir/%e3%83%bb%e7%ac%ac%ef%bc%91%ef%bc%99%ef%bc%96%e5%9b%9e%e3%83%bb/
196,en,2011-06,2011-06-06,https://www.gamefreak.co.jp/blog/dir_english/2011/06/index.html,https://www.gamefreak.co.jp/blog/dir_english/no196
197,ja,2011-06,2011-06-07,https://www.gamefreak.co.jp/blog/dir/2011/06/index.html,https://www.gamefreak.co.jp/blog/dir/%e3%83%bb%e7%ac%ac%ef%bc%91%ef%bc%99%ef%bc%97%e5%9b%9e%e3%83%bb/
197,en,2011-06,2011-06-07,https://www.gamefreak.co.jp/blog/dir_english/2011/06/index.html,https://www.gamefreak.co.jp/blog/dir_english/no197
198,ja,2011-06,2011-06-08,https://www.gamefreak.co.jp/blog/dir/2011/06/index.html,https://www.gamefreak.co.jp/blog/dir/%e3%83%bb%e7%ac%ac%ef%bc%91%ef%bc%99%ef%bc%98%e5%9b%9e%e3%83%bb/
198,en,2011-06,2011-06-09,https://www.gamefreak.co.jp/blog/dir_english/2011/06/index.html,https://www.gamefreak.co.jp/blog/dir_english/no198
199,ja,2011-06,2011-06-09,https://www.gamefreak.co.jp/blog/dir/2011/06/index.html,https://www.gamefreak.co.jp/blog/dir/%e3%83%bb%e7%ac%ac%ef%bc%91%ef%bc%99%ef%bc%99%e5%9b%9e%e3%83%bb/
199,en,2011-06,2011-06-09,https://www.gamefreak.co.jp/blog/dir_english/2011/06/index.html,https://www.gamefreak.co.jp/blog/dir_english/no199
200,ja,2011-08,2011-08-07,https://www.gamefreak.co.jp/blog/dir/2011/08/index.html,https://www.gamefreak.co.jp/blog/dir/%e3%83%bb%e7%ac%ac%ef%bc%92%ef%bc%90%ef%bc%90%e5%9b%9e%e3%83%bb/
200,en,2011-08,2011-08-08,https://www.gamefreak.co.jp/blog/dir_english/2011/08/index.html,https://www.gamefreak.co.jp/blog/dir_english/no-200
201,ja,2011-08,2011-08-08,https://www.gamefreak.co.jp/blog/dir/2011/08/index.html,https://www.gamefreak.co.jp/blog/dir/%e3%83%bb%e7%ac%ac%ef%bc%92%ef%bc%90%ef%bc%91%e5%9b%9e%e3%83%bb/
201,en,2011-08,2011-08-09,https://www.gamefreak.co.jp/blog/dir_english/2011/08/index.html,https://www.gamefreak.co.jp/blog/dir_english/no-201
202,ja,2011-08,2011-08-09,https://www.gamefreak.co.jp/blog/dir/2011/08/index.html,https://www.gamefreak.co.jp/blog/dir/%e3%83%bb%e7%ac%ac%ef%bc%92%ef%bc%90%ef%bc%92%e5%9b%9e%e3%83%bb/
202,en,2011-08,2011-08-09,https://www.gamefreak.co.jp/blog/dir_english/2011/08/index.html,https://www.gamefreak.co.jp/blog/dir_english/no-202
203,ja,2011-08,2011-08-11,https://www.gamefreak.co.jp/blog/dir/2011/08/index.html,https://www.gamefreak.co.jp/blog/dir/%e3%83%bb%e7%ac%ac%ef%bc%92%ef%bc%90%ef%bc%93%e5%9b%9e%e3%83%bb/
203,en,2011-08,2011-08-12,https://www.gamefreak.co.jp/blog/dir_english/2011/08/index.html,https://www.gamefreak.co.jp/blog/dir_english/no-203
204,ja,2011-08,2011-08-14,https://www.gamefreak.co.jp/blog/dir/2011/08/index.html,https://www.gamefreak.co.jp/blog/dir/%e3%83%bb%e7%ac%ac%ef%bc%92%ef%bc%90%ef%bc%94%e5%9b%9e%e3%83%bb/
204,en,2011-08,2011-08-22,https://www.gamefreak.co.jp/blog/dir_english/2011/08/index.html,https://www.gamefreak.co.jp/blog/dir_english/no-204
205,ja,2011-08,2011-08-22,https://www.gamefreak.co.jp/blog/dir/2011/08/index.html,https://www.gamefreak.co.jp/blog/dir/%e3%83%bb%e7%ac%ac%ef%bc%92%ef%bc%90%ef%bc%95%e5%9b%9e%e3%83%bb/
205,en,2011-08,2011-08-23,https://www.gamefreak.co.jp/blog/dir_english/2011/08/index.html,https://www.gamefreak.co.jp/blog/dir_english/no-205
206,ja,2011-08,2011-08-23,https://www.gamefreak.co.jp/blog/dir/2011/08/index.html,https://www.gamefreak.co.jp/blog/dir/%e3%83%bb%e7%ac%ac%ef%bc%92%ef%bc%90%ef%bc%96%e5%9b%9e%e3%83%bb/
206,en,2011-08,2011-08-23,https://www.gamefreak.co.jp/blog/dir_english/2011/08/index.html,https://www.gamefreak.co.jp/blog/dir_english/no-206
207,ja,2011-08,2011-08-25,https://www.gamefreak.co.jp/blog/dir/2011/08/index.html,https://www.gamefreak.co.jp/blog/dir/%e3%83%bb%e7%ac%ac%ef%bc%92%ef%bc%90%ef%bc%97%e5%9b%9e%e3%83%bb/
207,en,2011-08,2011-08-26,https://www.gamefreak.co.jp/blog/dir_english/2011/08/index.html,https://www.gamefreak.co.jp/blog/dir_english/no-207
208,ja,2011-09,2011-09-03,https://www.gamefreak.co.jp/blog/dir/2011/09/index.html,https://www.gamefreak.co.jp/blog/dir/%e3%83%bb%e7%ac%ac%ef%bc%92%ef%bc%90%ef%bc%98%e5%9b%9e%e3%83%bb/
208,en,2011-09,2011-09-05,https://www.gamefreak.co.jp/blog/dir_english/2011/09/index.html,https://www.gamefreak.co.jp/blog/dir_english/no-208
209,ja,2011-09,2011-09-08,https://www.gamefreak.co.jp/blog/dir/2011/09/index.html,https://www.gamefreak.co.jp/blog/dir/%e3%83%bb%e7%ac%ac%ef%bc%92%ef%bc%90%ef%bc%99%e5%9b%9e%e3%83%bb/
209,en,2011-09,2011-09-08,https://www.gamefreak.co.jp/blog/dir_english/2011/09/index.html,https://www.gamefreak.co.jp/blog/dir_english/no-209
210,ja,2011-09,2011-09-22,https://www.gamefreak.co.jp/blog/dir/2011/09/index.html,https://www.gamefreak.co.jp/blog/dir/%e3%83%bb%e7%ac%ac%ef%bc%92%ef%bc%91%ef%bc%90%e5%9b%9e%e3%83%bb/
210,en,2011-09,2011-09-22,https://www.gamefreak.co.jp/blog/dir_english/2011/09/index.html,https://www.gamefreak.co.jp/blog/dir_english/no-210
211,ja,2011-09,2011-09-22,https://www.gamefreak.co.jp/blog/dir/2011/09/index.html,https://www.gamefreak.co.jp/blog/dir/%e3%83%bb%e7%ac%ac%ef%bc%92%ef%bc%91%ef%bc%91%e5%9b%9e%e3%83%bb/
211,en,2011-09,2011-09-22,https://www.gamefreak.co.jp/blog/dir_english/2011/09/index.html,https://www.gamefreak.co.jp/blog/dir_english/no-211
212,ja,2011-09,2011-09-26,https://www.gamefreak.co.jp/blog/dir/2011/09/index.html,https://www.gamefreak.co.jp/blog/dir/%e3%83%bb%e7%ac%ac%ef%bc%92%ef%bc%91%ef%bc%92%e5%9b%9e%e3%83%bb/
212,en,2011-09,2011-09-28,https://www.gamefreak.co.jp/blog/dir_english/2011/09/index.html,https://www.gamefreak.co.jp/blog/dir_english/no-212
213,ja,2011-10,2011-10-07,https://www.gamefreak.co.jp/blog/dir/2011/10/index.html,https://www.gamefreak.co.jp/blog/dir/%e3%83%bb%e7%ac%ac%ef%bc%92%ef%bc%91%ef%bc%93%e5%9b%9e%e3%83%bb/
213,en,2011-10,2011-10-07,https://www.gamefreak.co.jp/blog/dir_english/2011/10/index.html,https://www.gamefreak.co.jp/blog/dir_english/no-213
214,ja,2011-10,2011-10-07,https://www.gamefreak.co.jp/blog/dir/2011/10/index.html,https://www.gamefreak.co.jp/blog/dir/%e3%83%bb%e7%ac%ac%ef%bc%92%ef%bc%91%ef%bc%94%e5%9b%9e%e3%83%bb/
214,en,2011-10,2011-10-07,https://www.gamefreak.co.jp/blog/dir_english/2011/10/index.html,https://www.gamefreak.co.jp/blog/dir_english/no-214
215,ja,2011-10,2011-10-14,https://www.gamefreak.co.jp/blog/dir/2011/10/index.html,https://www.gamefreak.co.jp/blog/dir/%e3%83%bb%e7%ac%ac%ef%bc%92%ef%bc%91%ef%bc%95%e5%9b%9e%e3%83%bb/
215,en,2011-10,2011-10-18,https://www.gamefreak.co.jp/blog/dir_english/2011/10/index.html,https://www.gamefreak.co.jp/blog/dir_english/no-215
216,ja,2011-12,2011-12-13,https://www.gamefreak.co.jp/blog/dir/2011/12/index.html,https://www.gamefreak.co.jp/blog/dir/%e3%83%bb%e7%ac%ac%ef%bc%92%ef%bc%91%ef%bc%96%e5%9b%9e%e3%83%bb/
216,en,2011-12,2011-12-13,https://www.gamefreak.co.jp/blog/dir_english/2011/12/index.html,https://www.gamefreak.co.jp/blog/dir_english/no-216
217,ja,2011-12,2011-12-29,https://www.gamefreak.co.jp/blog/dir/2011/12/index.html,https://www.gamefreak.co.jp/blog/dir/%e3%83%bb%e7%ac%ac%ef%bc%92%ef%bc%91%ef%bc%97%e5%9b%9e%e3%83%bb/
217,en,2011-12,2011-12-29,https://www.gamefreak.co.jp/blog/dir_english/2011/12/index.html,https://www.gamefreak.co.jp/blog/dir_english/no-217
218,ja,2012-01,2012-01-13,https://www.gamefreak.co.jp/blog/dir/2012/01/index.html,https://www.gamefreak.co.jp/blog/dir/%e3%83%bb%e7%ac%ac%ef%bc%92%ef%bc%91%ef%bc%98%e5%9b%9e%e3%83%bb/
218,en,2012-01,2012-01-13,https://www.gamefreak.co.jp/blog/dir_english/2012/01/index.html,https://www.gamefreak.co.jp/blog/dir_english/no-218
219,ja,2012-01,2012-01-23,https://www.gamefreak.co.jp/blog/dir/2012/01/index.html,https://www.gamefreak.co.jp/blog/dir/%e3%83%bb%e7%ac%ac%ef%bc%92%ef%bc%91%ef%bc%99%e5%9b%9e%e3%83%bb/
219,en,2012-01,2012-01-30,https://www.gamefreak.co.jp/blog/dir_english/2012/01/index.html,https://www.gamefreak.co.jp/blog/dir_english/no-219
220,ja,2012-02,2012-02-10,https://www.gamefreak.co.jp/blog/dir/2012/02/index.html,https://www.gamefreak.co.jp/blog/dir/%e3%83%bb%e7%ac%ac%ef%bc%92%ef%bc%92%ef%bc%90%e5%9b%9e%e3%83%bb/
220,en,2012-02,2012-02-10,https://www.gamefreak.co.jp/blog/dir_english/2012/02/index.html,https://www.gamefreak.co.jp/blog/dir_english/no-220
221,ja,2012-02,2012-02-24,https://www.gamefreak.co.jp/blog/dir/2012/02/index.html,https://www.gamefreak.co.jp/blog/dir/%e3%83%bb%e7%ac%ac%ef%bc%92%ef%bc%92%ef%bc%91%e5%9b%9e%e3%83%bb/
221,en,2012-02,2012-02-24,https://www.gamefreak.co.jp/blog/dir_english/2012/02/index.html,https://www.gamefreak.co.jp/blog/dir_english/no-221
222,ja,2012-02,2012-02-29,https://www.gamefreak.co.jp/blog/dir/2012/02/index.html,https://www.gamefreak.co.jp/blog/dir/%e3%83%bb%e7%ac%ac%ef%bc%92%ef%bc%92%ef%bc%92%e5%9b%9e%e3%83%bb/
222,en,2012-02,2012-03-01,https://www.gamefreak.co.jp/blog/dir_english/2012/03/index.html,https://www.gamefreak.co.jp/blog/dir_english/no-222
223,ja,2012-03,2012-03-01,https://www.gamefreak.co.jp/blog/dir/2012/03/index.html,https://www.gamefreak.co.jp/blog/dir/%e3%83%bb%e7%ac%ac%ef%bc%92%ef%bc%92%ef%bc%93%e5%9b%9e%e3%83%bb/
223,en,2012-03,2012-03-01,https://www.gamefreak.co.jp/blog/dir_english/2012/03/index.html,https://www.gamefreak.co.jp/blog/dir_english/no-223
224,ja,2012-03,2012-03-06,https://www.gamefreak.co.jp/blog/dir/2012/03/index.html,https://www.gamefreak.co.jp/blog/dir/%e3%83%bb%e7%ac%ac%ef%bc%92%ef%bc%92%ef%bc%94%e5%9b%9e%e3%83%bb/
224,en,2012-03,2012-03-08,https://www.gamefreak.co.jp/blog/dir_english/2012/03/index.html,https://www.gamefreak.co.jp/blog/dir_english/no-224
225,ja,2012-04,2012-04-17,https://www.gamefreak.co.jp/blog/dir/2012/04/index.html,https://www.gamefreak.co.jp/blog/dir/%e3%83%bb%e7%ac%ac%ef%bc%92%ef%bc%92%ef%bc%95%e5%9b%9e%e3%83%bb/
225,en,2012-04,2012-04-20,https://www.gamefreak.co.jp/blog/dir_english/2012/04/index.html,https://www.gamefreak.co.jp/blog/dir_english/no-225
226,ja,2012-08,2012-08-28,https://www.gamefreak.co.jp/blog/dir/2012/08/index.html,https://www.gamefreak.co.jp/blog/dir/%e3%83%bb%e7%ac%ac%ef%bc%92%ef%bc%92%ef%bc%96%e5%9b%9e%e3%83%bb/
226,en,2012-08,2012-08-29,https://www.gamefreak.co.jp/blog/dir_english/2012/08/index.html,https://www.gamefreak.co.jp/blog/dir_english/no-226
227,ja,2012-08,2012-08-29,https://www.gamefreak.co.jp/blog/dir/2012/08/index.html,https://www.gamefreak.co.jp/blog/dir/%e3%83%bb%e7%ac%ac%ef%bc%92%ef%bc%92%ef%bc%97%e5%9b%9e%e3%83%bb/
227,en,2012-08,2012-08-30,https://www.gamefreak.co.jp/blog/dir_english/2012/08/index.html,https://www.gamefreak.co.jp/blog/dir_english/no-227
228,ja,2012-10,2012-10-05,https://www.gamefreak.co.jp/blog/dir/2012/10/index.html,https://www.gamefreak.co.jp/blog/dir/%e3%83%bb%e7%ac%ac%ef%bc%92%ef%bc%92%ef%bc%98%e5%9b%9e%e3%83%bb/
228,en,2012-10,2012-10-05,https://www.gamefreak.co.jp/blog/dir_english/2012/10/index.html,https://www.gamefreak.co.jp/blog/dir_english/no-228
229,ja,2012-11,2012-11-30,https://www.gamefreak.co.jp/blog/dir/2012/11/index.html,https://www.gamefreak.co.jp/blog/dir/%e3%83%bb%e7%ac%ac%ef%bc%92%ef%bc%92%ef%bc%99%e5%9b%9e%e3%83%bb/
229,en,2012-11,2012-11-30,https://www.gamefreak.co.jp/blog/dir_english/2012/11/index.html,https://www.gamefreak.co.jp/blog/dir_english/no-229
230,ja,2012-12,2012-12-10,https://www.gamefreak.co.jp/blog/dir/2012/12/index.html,https://www.gamefreak.co.jp/blog/dir/%e3%83%bb%e7%ac%ac%ef%bc%92%ef%bc%93%ef%bc%90%e5%9b%9e%e3%83%bb/
230,en,2012-12,2012-12-12,https://www.gamefreak.co.jp/blog/dir_english/2012/12/index.html,https://www.gamefreak.co.jp/blog/dir_english/no-230
231,ja,2012-12,2012-12-17,https://www.gamefreak.co.jp/blog/dir/2012/12/index.html,https://www.gamefreak.co.jp/blog/dir/%e3%83%bb%e7%ac%ac%ef%bc%92%ef%bc%93%ef%bc%91%e5%9b%9e%e3%83%bb/
231,en,2012-12,2012-12-18,https://www.gamefreak.co.jp/blog/dir_english/2012/12/index.html,https://www.gamefreak.co.jp/blog/dir_english/no-231
232,ja,2013-01,2013-01-08,https://www.gamefreak.co.jp/blog/dir/2013/01/index.html,https://www.gamefreak.co.jp/blog/dir/%e3%83%bb%e7%ac%ac%ef%bc%92%ef%bc%93%ef%bc%92%e5%9b%9e%e3%83%bb/
232,en,2013-01,2013-01-08,https://www.gamefreak.co.jp/blog/dir_english/2013/01/index.html,https://www.gamefreak.co.jp/blog/dir_english/no-232
233,ja,2013-01,2013-01-21,https://www.gamefreak.co.jp/blog/dir/2013/01/index.html,https://www.gamefreak.co.jp/blog/dir/%e3%83%bb%e7%ac%ac%ef%bc%92%ef%bc%93%ef%bc%93%e5%9b%9e%e3%83%bb/
233,en,2013-01,2013-01-21,https://www.gamefreak.co.jp/blog/dir_english/2013/01/index.html,https://www.gamefreak.co.jp/blog/dir_english/no-233
234,ja,2013-01,2013-01-24,https://www.gamefreak.co.jp/blog/dir/2013/01/index.html,https://www.gamefreak.co.jp/blog/dir/%e3%83%bb%e7%ac%ac%ef%bc%92%ef%bc%93%ef%bc%94%e5%9b%9e%e3%83%bb/
234,en,2013-01,2013-01-24,https://www.gamefreak.co.jp/blog/dir_english/2013/01/index.html,https://www.gamefreak.co.jp/blog/dir_english/no-234
235,ja,2013-02,2013-02-05,https://www.gamefreak.co.jp/blog/dir/2013/02/index.html,https://www.gamefreak.co.jp/blog/dir/%e3%83%bb%e7%ac%ac%ef%bc%92%ef%bc%93%ef%bc%95%e5%9b%9e%e3%83%bb/
235,en,2013-02,2013-02-05,https://www.gamefreak.co.jp/blog/dir_english/2013/02/index.html,https://www.gamefreak.co.jp/blog/dir_english/no-235
236,ja,2013-05,2013-05-31,https://www.gamefreak.co.jp/blog/dir/2013/05/index.html,https://www.gamefreak.co.jp/blog/dir/%e3%83%bb%e7%ac%ac%ef%bc%92%ef%bc%93%ef%bc%96%e5%9b%9e%e3%83%bb/
236,en,2013-05,2013-05-31,https://www.gamefreak.co.jp/blog/dir_english/2013/05/index.html,https://www.gamefreak.co.jp/blog/dir_english/no-236
237,ja,2013-06,2013-06-18,https://www.gamefreak.co.jp/blog/dir/2013/06/index.html,https://www.gamefreak.co.jp/blog/dir/%e3%83%bb%e7%ac%ac%ef%bc%92%ef%bc%93%ef%bc%97%e5%9b%9e%e3%83%bb/
237,en,2013-06,2013-06-18,https://www.gamefreak.co.jp/blog/dir_english/2013/06/index.html,https://www.gamefreak.co.jp/blog/dir_english/no-237
238,ja,2013-06,2013-06-19,https://www.gamefreak.co.jp/blog/dir/2013/06/index.html,https://www.gamefreak.co.jp/blog/dir/%e3%83%bb%e7%ac%ac%ef%bc%92%ef%bc%93%ef%bc%98%e5%9b%9e%e3%83%bb/
238,en,2013-06,2013-06-20,https://www.gamefreak.co.jp/blog/dir_english/2013/06/index.html,https://www.gamefreak.co.jp/blog/dir_english/no-238
239,ja,2013-06,2013-06-20,https://www.gamefreak.co.jp/blog/dir/2013/06/index.html,https://www.gamefreak.co.jp/blog/dir/%e3%83%bb%e7%ac%ac%ef%bc%92%ef%bc%93%ef%bc%99%e5%9b%9e%e3%83%bb/
239,en,2013-06,2013-06-21,https://www.gamefreak.co.jp/blog/dir_english/2013/06/index.html,https://www.gamefreak.co.jp/blog/dir_english/no-239
240,ja,2013-07,2013-07-31,https://www.gamefreak.co.jp/blog/dir/2013/07/index.html,https://www.gamefreak.co.jp/blog/dir/%e3%83%bb%e7%ac%ac240%e5%9b%9e%e3%83%bb/
240,en,2013-07,2013-07-31,https://www.gamefreak.co.jp/blog/dir_english/2013/07/index.html,https://www.gamefreak.co.jp/blog/dir_english/no-240
241,ja,2013-11,2013-11-18,https://www.gamefreak.co.jp/blog/dir/2013/11/index.html,https://www.gamefreak.co.jp/blog/dir/%e3%83%bb%e7%ac%ac%ef%bc%92%ef%bc%94%ef%bc%91%e5%9b%9e%e3%83%bb/
241,en,2013-11,2013-11-19,https://www.gamefreak.co.jp/blog/dir_english/2013/11/index.html,https://www.gamefreak.co.jp/blog/dir_english/no-241
242,ja,2014-10,2014-10-31,https://www.gamefreak.co.jp/blog/dir/2014/10/index.html,https://www.gamefreak.co.jp/blog/dir/%e3%83%bb%e7%ac%ac%ef%bc%92%ef%bc%94%ef%bc%92%e5%9b%9e%e3%83%bb/
242,en,2014-10,2014-11-05,https://www.gamefreak.co.jp/blog/dir_english/2014/11/index.html,https://www.gamefreak.co.jp/blog/dir_english/no-242
243,ja,2014-11,2014-11-10,https://www.gamefreak.co.jp/blog/dir/2014/11/index.html,https://www.gamefreak.co.jp/blog/dir/%e3%83%bb%e7%ac%ac%ef%bc%92%ef%bc%94%ef%bc%93%e5%9b%9e%e3%83%bb/
243,en,2014-11,2014-11-10,https://www.gamefreak.co.jp/blog/dir_english/2014/11/index.html,https://www.gamefreak.co.jp/blog/dir_english/no-243
244,ja,2015-09,2015-09-11,https://www.gamefreak.co.jp/blog/dir/2015/09/index.html,https://www.gamefreak.co.jp/blog/dir/%e3%83%bb%e7%ac%ac%ef%bc%92%ef%bc%94%ef%bc%94%e5%9b%9e%e3%83%bb/
244,en,2015-09,2015-09-14,https://www.gamefreak.co.jp/blog/dir_english/2015/09/index.html,https://www.gamefreak.co.jp/blog/dir_english/no-244
